
MaestroDavid.elf:     file format elf32-avr

Sections:
Idx Name          Size      VMA       LMA       File off  Algn
  0 .data         000000c6  00800100  00001056  000010ea  2**0
                  CONTENTS, ALLOC, LOAD, DATA
  1 .text         00001056  00000000  00000000  00000094  2**1
                  CONTENTS, ALLOC, LOAD, READONLY, CODE
  2 .bss          00000035  008001c6  008001c6  000011b0  2**0
                  ALLOC
  3 .comment      0000005c  00000000  00000000  000011b0  2**0
                  CONTENTS, READONLY
  4 .note.gnu.avr.deviceinfo 00000040  00000000  00000000  0000120c  2**2
                  CONTENTS, READONLY
  5 .debug_aranges 00000170  00000000  00000000  0000124c  2**0
                  CONTENTS, READONLY, DEBUGGING
  6 .debug_info   00001ddd  00000000  00000000  000013bc  2**0
                  CONTENTS, READONLY, DEBUGGING
  7 .debug_abbrev 00000bee  00000000  00000000  00003199  2**0
                  CONTENTS, READONLY, DEBUGGING
  8 .debug_line   00000d17  00000000  00000000  00003d87  2**0
                  CONTENTS, READONLY, DEBUGGING
  9 .debug_frame  000003c8  00000000  00000000  00004aa0  2**2
                  CONTENTS, READONLY, DEBUGGING
 10 .debug_str    000007ae  00000000  00000000  00004e68  2**0
                  CONTENTS, READONLY, DEBUGGING
 11 .debug_loc    00000f81  00000000  00000000  00005616  2**0
                  CONTENTS, READONLY, DEBUGGING
 12 .debug_ranges 00000130  00000000  00000000  00006597  2**0
                  CONTENTS, READONLY, DEBUGGING

Disassembly of section .text:

00000000 <__vectors>:
       0:	0c 94 34 00 	jmp	0x68	; 0x68 <__ctors_end>
       4:	0c 94 51 00 	jmp	0xa2	; 0xa2 <__bad_interrupt>
       8:	0c 94 51 00 	jmp	0xa2	; 0xa2 <__bad_interrupt>
       c:	0c 94 51 00 	jmp	0xa2	; 0xa2 <__bad_interrupt>
      10:	0c 94 51 00 	jmp	0xa2	; 0xa2 <__bad_interrupt>
      14:	0c 94 51 00 	jmp	0xa2	; 0xa2 <__bad_interrupt>
      18:	0c 94 51 00 	jmp	0xa2	; 0xa2 <__bad_interrupt>
      1c:	0c 94 51 00 	jmp	0xa2	; 0xa2 <__bad_interrupt>
      20:	0c 94 51 00 	jmp	0xa2	; 0xa2 <__bad_interrupt>
      24:	0c 94 51 00 	jmp	0xa2	; 0xa2 <__bad_interrupt>
      28:	0c 94 51 00 	jmp	0xa2	; 0xa2 <__bad_interrupt>
      2c:	0c 94 51 00 	jmp	0xa2	; 0xa2 <__bad_interrupt>
      30:	0c 94 51 00 	jmp	0xa2	; 0xa2 <__bad_interrupt>
      34:	0c 94 51 00 	jmp	0xa2	; 0xa2 <__bad_interrupt>
      38:	0c 94 51 00 	jmp	0xa2	; 0xa2 <__bad_interrupt>
      3c:	0c 94 51 00 	jmp	0xa2	; 0xa2 <__bad_interrupt>
      40:	0c 94 51 00 	jmp	0xa2	; 0xa2 <__bad_interrupt>
      44:	0c 94 51 00 	jmp	0xa2	; 0xa2 <__bad_interrupt>
      48:	0c 94 62 04 	jmp	0x8c4	; 0x8c4 <__vector_18>
      4c:	0c 94 51 00 	jmp	0xa2	; 0xa2 <__bad_interrupt>
      50:	0c 94 51 00 	jmp	0xa2	; 0xa2 <__bad_interrupt>
      54:	0c 94 51 00 	jmp	0xa2	; 0xa2 <__bad_interrupt>
      58:	0c 94 51 00 	jmp	0xa2	; 0xa2 <__bad_interrupt>
      5c:	0c 94 51 00 	jmp	0xa2	; 0xa2 <__bad_interrupt>
      60:	0c 94 51 00 	jmp	0xa2	; 0xa2 <__bad_interrupt>
      64:	0c 94 51 00 	jmp	0xa2	; 0xa2 <__bad_interrupt>

00000068 <__ctors_end>:
      68:	11 24       	eor	r1, r1
      6a:	1f be       	out	0x3f, r1	; 63
      6c:	cf ef       	ldi	r28, 0xFF	; 255
      6e:	d8 e0       	ldi	r29, 0x08	; 8
      70:	de bf       	out	0x3e, r29	; 62
      72:	cd bf       	out	0x3d, r28	; 61

00000074 <__do_copy_data>:
      74:	11 e0       	ldi	r17, 0x01	; 1
      76:	a0 e0       	ldi	r26, 0x00	; 0
      78:	b1 e0       	ldi	r27, 0x01	; 1
      7a:	e6 e5       	ldi	r30, 0x56	; 86
      7c:	f0 e1       	ldi	r31, 0x10	; 16
      7e:	02 c0       	rjmp	.+4      	; 0x84 <__do_copy_data+0x10>
      80:	05 90       	lpm	r0, Z+
      82:	0d 92       	st	X+, r0
      84:	a6 3c       	cpi	r26, 0xC6	; 198
      86:	b1 07       	cpc	r27, r17
      88:	d9 f7       	brne	.-10     	; 0x80 <__do_copy_data+0xc>

0000008a <__do_clear_bss>:
      8a:	21 e0       	ldi	r18, 0x01	; 1
      8c:	a6 ec       	ldi	r26, 0xC6	; 198
      8e:	b1 e0       	ldi	r27, 0x01	; 1
      90:	01 c0       	rjmp	.+2      	; 0x94 <.do_clear_bss_start>

00000092 <.do_clear_bss_loop>:
      92:	1d 92       	st	X+, r1

00000094 <.do_clear_bss_start>:
      94:	ab 3f       	cpi	r26, 0xFB	; 251
      96:	b2 07       	cpc	r27, r18
      98:	e1 f7       	brne	.-8      	; 0x92 <.do_clear_bss_loop>
      9a:	0e 94 01 04 	call	0x802	; 0x802 <main>
      9e:	0c 94 29 08 	jmp	0x1052	; 0x1052 <_exit>

000000a2 <__bad_interrupt>:
      a2:	0c 94 00 00 	jmp	0	; 0x0 <__vectors>

000000a6 <lcd_pin_output>:
#include <util/delay.h>

/* ====== Funciones internas ====== */

// DEFINIR UN PIN LCD COMO UNA SALIDA Y APAGARLO
static void lcd_pin_output(LCD_Pin *p){
      a6:	fc 01       	movw	r30, r24
	*(p->ddr) |= (1 << p->pin);
      a8:	a2 81       	ldd	r26, Z+2	; 0x02
      aa:	b3 81       	ldd	r27, Z+3	; 0x03
      ac:	4c 91       	ld	r20, X
      ae:	21 e0       	ldi	r18, 0x01	; 1
      b0:	30 e0       	ldi	r19, 0x00	; 0
      b2:	c9 01       	movw	r24, r18
      b4:	04 80       	ldd	r0, Z+4	; 0x04
      b6:	02 c0       	rjmp	.+4      	; 0xbc <lcd_pin_output+0x16>
      b8:	88 0f       	add	r24, r24
      ba:	99 1f       	adc	r25, r25
      bc:	0a 94       	dec	r0
      be:	e2 f7       	brpl	.-8      	; 0xb8 <lcd_pin_output+0x12>
      c0:	84 2b       	or	r24, r20
      c2:	8c 93       	st	X, r24
	*(p->port) &= ~(1 << p->pin);
      c4:	a0 81       	ld	r26, Z
      c6:	b1 81       	ldd	r27, Z+1	; 0x01
      c8:	8c 91       	ld	r24, X
      ca:	04 80       	ldd	r0, Z+4	; 0x04
      cc:	02 c0       	rjmp	.+4      	; 0xd2 <lcd_pin_output+0x2c>
      ce:	22 0f       	add	r18, r18
      d0:	33 1f       	adc	r19, r19
      d2:	0a 94       	dec	r0
      d4:	e2 f7       	brpl	.-8      	; 0xce <lcd_pin_output+0x28>
      d6:	20 95       	com	r18
      d8:	28 23       	and	r18, r24
      da:	2c 93       	st	X, r18
      dc:	08 95       	ret

000000de <lcd_pin_write>:
}

// ENCENDER O APAGAR UN PIN
static void lcd_pin_write(LCD_Pin *p, uint8_t val){
      de:	fc 01       	movw	r30, r24
	if (val) *(p->port) |= (1 << p->pin);
      e0:	66 23       	and	r22, r22
      e2:	71 f0       	breq	.+28     	; 0x100 <lcd_pin_write+0x22>
      e4:	a0 81       	ld	r26, Z
      e6:	b1 81       	ldd	r27, Z+1	; 0x01
      e8:	2c 91       	ld	r18, X
      ea:	81 e0       	ldi	r24, 0x01	; 1
      ec:	90 e0       	ldi	r25, 0x00	; 0
      ee:	04 80       	ldd	r0, Z+4	; 0x04
      f0:	02 c0       	rjmp	.+4      	; 0xf6 <lcd_pin_write+0x18>
      f2:	88 0f       	add	r24, r24
      f4:	99 1f       	adc	r25, r25
      f6:	0a 94       	dec	r0
      f8:	e2 f7       	brpl	.-8      	; 0xf2 <lcd_pin_write+0x14>
      fa:	82 2b       	or	r24, r18
      fc:	8c 93       	st	X, r24
      fe:	08 95       	ret
	else *(p->port) &= ~(1 << p->pin);
     100:	a0 81       	ld	r26, Z
     102:	b1 81       	ldd	r27, Z+1	; 0x01
     104:	4c 91       	ld	r20, X
     106:	21 e0       	ldi	r18, 0x01	; 1
     108:	30 e0       	ldi	r19, 0x00	; 0
     10a:	c9 01       	movw	r24, r18
     10c:	04 80       	ldd	r0, Z+4	; 0x04
     10e:	02 c0       	rjmp	.+4      	; 0x114 <lcd_pin_write+0x36>
     110:	88 0f       	add	r24, r24
     112:	99 1f       	adc	r25, r25
     114:	0a 94       	dec	r0
     116:	e2 f7       	brpl	.-8      	; 0x110 <lcd_pin_write+0x32>
     118:	80 95       	com	r24
     11a:	84 23       	and	r24, r20
     11c:	8c 93       	st	X, r24
     11e:	08 95       	ret

00000120 <lcd_pulse_enable>:
}

// GENERAR UN PULSO EN PIN E
static void lcd_pulse_enable(LCD_4b *lcd){
     120:	cf 93       	push	r28
     122:	df 93       	push	r29
	lcd_pin_write(&lcd->e, 1); // E = 1
     124:	ec 01       	movw	r28, r24
     126:	25 96       	adiw	r28, 0x05	; 5
     128:	61 e0       	ldi	r22, 0x01	; 1
     12a:	ce 01       	movw	r24, r28
     12c:	0e 94 6f 00 	call	0xde	; 0xde <lcd_pin_write>
	#else
		//round up by default
		__ticks_dc = (uint32_t)(ceil(fabs(__tmp)));
	#endif

	__builtin_avr_delay_cycles(__ticks_dc);
     130:	85 e0       	ldi	r24, 0x05	; 5
     132:	8a 95       	dec	r24
     134:	f1 f7       	brne	.-4      	; 0x132 <lcd_pulse_enable+0x12>
     136:	00 00       	nop
	_delay_us(1);			   // Esperar 1 us
	lcd_pin_write(&lcd->e, 0); // E = 0
     138:	60 e0       	ldi	r22, 0x00	; 0
     13a:	ce 01       	movw	r24, r28
     13c:	0e 94 6f 00 	call	0xde	; 0xde <lcd_pin_write>
     140:	8f e8       	ldi	r24, 0x8F	; 143
     142:	91 e0       	ldi	r25, 0x01	; 1
     144:	01 97       	sbiw	r24, 0x01	; 1
     146:	f1 f7       	brne	.-4      	; 0x144 <lcd_pulse_enable+0x24>
     148:	00 c0       	rjmp	.+0      	; 0x14a <lcd_pulse_enable+0x2a>
     14a:	00 00       	nop
	_delay_us(100);			   // Esperar 100 us
}
     14c:	df 91       	pop	r29
     14e:	cf 91       	pop	r28
     150:	08 95       	ret

00000152 <lcd_write_nibble>:

// ESCRIBIR UN NIBBLE EN LCD
static void lcd_write_nibble(LCD_4b *lcd, uint8_t nibble)
{
     152:	0f 93       	push	r16
     154:	1f 93       	push	r17
     156:	cf 93       	push	r28
     158:	8c 01       	movw	r16, r24
     15a:	c6 2f       	mov	r28, r22
	// Escribir nibble bits d4-d7
	lcd_pin_write(&lcd->d4, (nibble >> 0) & 1);
     15c:	61 70       	andi	r22, 0x01	; 1
     15e:	0a 96       	adiw	r24, 0x0a	; 10
     160:	0e 94 6f 00 	call	0xde	; 0xde <lcd_pin_write>
	lcd_pin_write(&lcd->d5, (nibble >> 1) & 1);
     164:	c1 fb       	bst	r28, 1
     166:	66 27       	eor	r22, r22
     168:	60 f9       	bld	r22, 0
     16a:	c8 01       	movw	r24, r16
     16c:	0f 96       	adiw	r24, 0x0f	; 15
     16e:	0e 94 6f 00 	call	0xde	; 0xde <lcd_pin_write>
	lcd_pin_write(&lcd->d6, (nibble >> 2) & 1);
     172:	c2 fb       	bst	r28, 2
     174:	66 27       	eor	r22, r22
     176:	60 f9       	bld	r22, 0
     178:	c8 01       	movw	r24, r16
     17a:	44 96       	adiw	r24, 0x14	; 20
     17c:	0e 94 6f 00 	call	0xde	; 0xde <lcd_pin_write>
	lcd_pin_write(&lcd->d7, (nibble >> 3) & 1);
     180:	c3 fb       	bst	r28, 3
     182:	66 27       	eor	r22, r22
     184:	60 f9       	bld	r22, 0
     186:	c8 01       	movw	r24, r16
     188:	49 96       	adiw	r24, 0x19	; 25
     18a:	0e 94 6f 00 	call	0xde	; 0xde <lcd_pin_write>
	lcd_pulse_enable(lcd);	// Hacer un pulso en E 
     18e:	c8 01       	movw	r24, r16
     190:	0e 94 90 00 	call	0x120	; 0x120 <lcd_pulse_enable>
}
     194:	cf 91       	pop	r28
     196:	1f 91       	pop	r17
     198:	0f 91       	pop	r16
     19a:	08 95       	ret

0000019c <LCD_Command>:

/* ====== API ====== */

// ESCRIBIR COMANDO
void LCD_Command(LCD_4b *lcd, uint8_t cmd){
     19c:	0f 93       	push	r16
     19e:	1f 93       	push	r17
     1a0:	cf 93       	push	r28
     1a2:	8c 01       	movw	r16, r24
     1a4:	c6 2f       	mov	r28, r22
	lcd_pin_write(&lcd->rs, 0);			// RS = 0 (Comandos)
     1a6:	60 e0       	ldi	r22, 0x00	; 0
     1a8:	0e 94 6f 00 	call	0xde	; 0xde <lcd_pin_write>
	lcd_write_nibble(lcd, cmd >> 4);	// Escribir nibble alto 
     1ac:	6c 2f       	mov	r22, r28
     1ae:	62 95       	swap	r22
     1b0:	6f 70       	andi	r22, 0x0F	; 15
     1b2:	c8 01       	movw	r24, r16
     1b4:	0e 94 a9 00 	call	0x152	; 0x152 <lcd_write_nibble>
	lcd_write_nibble(lcd, cmd & 0x0F);	// Escribir nibble bajo
     1b8:	6c 2f       	mov	r22, r28
     1ba:	6f 70       	andi	r22, 0x0F	; 15
     1bc:	c8 01       	movw	r24, r16
     1be:	0e 94 a9 00 	call	0x152	; 0x152 <lcd_write_nibble>
	#else
		//round up by default
		__ticks_dc = (uint32_t)(ceil(fabs(__tmp)));
	#endif

	__builtin_avr_delay_cycles(__ticks_dc);
     1c2:	8f e3       	ldi	r24, 0x3F	; 63
     1c4:	9f e1       	ldi	r25, 0x1F	; 31
     1c6:	01 97       	sbiw	r24, 0x01	; 1
     1c8:	f1 f7       	brne	.-4      	; 0x1c6 <LCD_Command+0x2a>
     1ca:	00 c0       	rjmp	.+0      	; 0x1cc <LCD_Command+0x30>
     1cc:	00 00       	nop
	_delay_ms(2);						// Esperar 2 ms
}
     1ce:	cf 91       	pop	r28
     1d0:	1f 91       	pop	r17
     1d2:	0f 91       	pop	r16
     1d4:	08 95       	ret

000001d6 <LCD_WriteChar>:

// ESCRIBIR CARACTER EN LCD
void LCD_WriteChar(LCD_4b *lcd, char c){
     1d6:	0f 93       	push	r16
     1d8:	1f 93       	push	r17
     1da:	cf 93       	push	r28
     1dc:	8c 01       	movw	r16, r24
     1de:	c6 2f       	mov	r28, r22
	lcd_pin_write(&lcd->rs, 1);			// RS = 1 (Datos)
     1e0:	61 e0       	ldi	r22, 0x01	; 1
     1e2:	0e 94 6f 00 	call	0xde	; 0xde <lcd_pin_write>
	lcd_write_nibble(lcd, c >> 4);		// Escribir nibble alto
     1e6:	6c 2f       	mov	r22, r28
     1e8:	62 95       	swap	r22
     1ea:	6f 70       	andi	r22, 0x0F	; 15
     1ec:	c8 01       	movw	r24, r16
     1ee:	0e 94 a9 00 	call	0x152	; 0x152 <lcd_write_nibble>
	lcd_write_nibble(lcd, c & 0x0F);	// Escribir nibble bajo
     1f2:	6c 2f       	mov	r22, r28
     1f4:	6f 70       	andi	r22, 0x0F	; 15
     1f6:	c8 01       	movw	r24, r16
     1f8:	0e 94 a9 00 	call	0x152	; 0x152 <lcd_write_nibble>
	#else
		//round up by default
		__ticks_dc = (uint32_t)(ceil(fabs(__tmp)));
	#endif

	__builtin_avr_delay_cycles(__ticks_dc);
     1fc:	87 ec       	ldi	r24, 0xC7	; 199
     1fe:	90 e0       	ldi	r25, 0x00	; 0
     200:	01 97       	sbiw	r24, 0x01	; 1
     202:	f1 f7       	brne	.-4      	; 0x200 <LCD_WriteChar+0x2a>
     204:	00 c0       	rjmp	.+0      	; 0x206 <LCD_WriteChar+0x30>
     206:	00 00       	nop
	_delay_us(50);						// Esperar 50 us
}
     208:	cf 91       	pop	r28
     20a:	1f 91       	pop	r17
     20c:	0f 91       	pop	r16
     20e:	08 95       	ret

00000210 <LCD_WriteString>:

// ESCRIBIR CADENA DE TEXTO EN LCD
void LCD_WriteString(LCD_4b *lcd, const char *str)
{
     210:	0f 93       	push	r16
     212:	1f 93       	push	r17
     214:	cf 93       	push	r28
     216:	df 93       	push	r29
     218:	8c 01       	movw	r16, r24
     21a:	eb 01       	movw	r28, r22
	// Recorrer cadena de texto y escribir caracter.
	while (*str) LCD_WriteChar(lcd, *str++);
     21c:	04 c0       	rjmp	.+8      	; 0x226 <LCD_WriteString+0x16>
     21e:	21 96       	adiw	r28, 0x01	; 1
     220:	c8 01       	movw	r24, r16
     222:	0e 94 eb 00 	call	0x1d6	; 0x1d6 <LCD_WriteChar>
     226:	68 81       	ld	r22, Y
     228:	61 11       	cpse	r22, r1
     22a:	f9 cf       	rjmp	.-14     	; 0x21e <LCD_WriteString+0xe>
	// while (*str) recorre la cadena hasta encontrar caracter nulo.
}
     22c:	df 91       	pop	r29
     22e:	cf 91       	pop	r28
     230:	1f 91       	pop	r17
     232:	0f 91       	pop	r16
     234:	08 95       	ret

00000236 <LCD_SetCursor>:

//  FIJAR POSICIÓN DE DDRAM
void LCD_SetCursor(LCD_4b *lcd, uint8_t col, uint8_t row)
{
	// Operador ternario (Equivale a una sentencia if else)
	uint8_t address = (row == 0) ? 0x00 : 0x40;		// Primera dirección de cada fila
     236:	41 11       	cpse	r20, r1
     238:	02 c0       	rjmp	.+4      	; 0x23e <LCD_SetCursor+0x8>
     23a:	20 e0       	ldi	r18, 0x00	; 0
     23c:	01 c0       	rjmp	.+2      	; 0x240 <LCD_SetCursor+0xa>
     23e:	20 e4       	ldi	r18, 0x40	; 64
	LCD_Command(lcd, 0x80 | (address + col));		// Set DDRAM Address
     240:	62 0f       	add	r22, r18
     242:	60 68       	ori	r22, 0x80	; 128
     244:	0e 94 ce 00 	call	0x19c	; 0x19c <LCD_Command>
     248:	08 95       	ret

0000024a <LCD_Clear>:
}

// BORRAR EL VISUALIZADOR
void LCD_Clear(LCD_4b *lcd)
{
	LCD_Command(lcd, 0x01);	// Comando 0x01
     24a:	61 e0       	ldi	r22, 0x01	; 1
     24c:	0e 94 ce 00 	call	0x19c	; 0x19c <LCD_Command>
	#else
		//round up by default
		__ticks_dc = (uint32_t)(ceil(fabs(__tmp)));
	#endif

	__builtin_avr_delay_cycles(__ticks_dc);
     250:	8f e3       	ldi	r24, 0x3F	; 63
     252:	9f e1       	ldi	r25, 0x1F	; 31
     254:	01 97       	sbiw	r24, 0x01	; 1
     256:	f1 f7       	brne	.-4      	; 0x254 <LCD_Clear+0xa>
     258:	00 c0       	rjmp	.+0      	; 0x25a <LCD_Clear+0x10>
     25a:	00 00       	nop
     25c:	08 95       	ret

0000025e <LCD_Init_4b>:
	_delay_ms(2);
}

// INICIALIZAR LCD
void LCD_Init_4b(LCD_4b *lcd)
{
     25e:	cf 93       	push	r28
     260:	df 93       	push	r29
     262:	ec 01       	movw	r28, r24
	/* Configurar pines de salida */
	lcd_pin_output(&lcd->rs);
     264:	0e 94 53 00 	call	0xa6	; 0xa6 <lcd_pin_output>
	lcd_pin_output(&lcd->e);
     268:	ce 01       	movw	r24, r28
     26a:	05 96       	adiw	r24, 0x05	; 5
     26c:	0e 94 53 00 	call	0xa6	; 0xa6 <lcd_pin_output>
	lcd_pin_output(&lcd->d4);
     270:	ce 01       	movw	r24, r28
     272:	0a 96       	adiw	r24, 0x0a	; 10
     274:	0e 94 53 00 	call	0xa6	; 0xa6 <lcd_pin_output>
	lcd_pin_output(&lcd->d5);
     278:	ce 01       	movw	r24, r28
     27a:	0f 96       	adiw	r24, 0x0f	; 15
     27c:	0e 94 53 00 	call	0xa6	; 0xa6 <lcd_pin_output>
	lcd_pin_output(&lcd->d6);
     280:	ce 01       	movw	r24, r28
     282:	44 96       	adiw	r24, 0x14	; 20
     284:	0e 94 53 00 	call	0xa6	; 0xa6 <lcd_pin_output>
	lcd_pin_output(&lcd->d7);
     288:	ce 01       	movw	r24, r28
     28a:	49 96       	adiw	r24, 0x19	; 25
     28c:	0e 94 53 00 	call	0xa6	; 0xa6 <lcd_pin_output>
     290:	2f ef       	ldi	r18, 0xFF	; 255
     292:	89 ef       	ldi	r24, 0xF9	; 249
     294:	90 e0       	ldi	r25, 0x00	; 0
     296:	21 50       	subi	r18, 0x01	; 1
     298:	80 40       	sbci	r24, 0x00	; 0
     29a:	90 40       	sbci	r25, 0x00	; 0
     29c:	e1 f7       	brne	.-8      	; 0x296 <LCD_Init_4b+0x38>
     29e:	00 c0       	rjmp	.+0      	; 0x2a0 <LCD_Init_4b+0x42>
     2a0:	00 00       	nop

	_delay_ms(20);

	/* Secuencia de inicialización */
	lcd_pin_write(&lcd->rs, 0);		// RS = 0
     2a2:	60 e0       	ldi	r22, 0x00	; 0
     2a4:	ce 01       	movw	r24, r28
     2a6:	0e 94 6f 00 	call	0xde	; 0xde <lcd_pin_write>

	// SET 8 BIT MODE - 3 veces
	lcd_write_nibble(lcd, 0x03);
     2aa:	63 e0       	ldi	r22, 0x03	; 3
     2ac:	ce 01       	movw	r24, r28
     2ae:	0e 94 a9 00 	call	0x152	; 0x152 <lcd_write_nibble>
     2b2:	8f e1       	ldi	r24, 0x1F	; 31
     2b4:	9e e4       	ldi	r25, 0x4E	; 78
     2b6:	01 97       	sbiw	r24, 0x01	; 1
     2b8:	f1 f7       	brne	.-4      	; 0x2b6 <LCD_Init_4b+0x58>
     2ba:	00 c0       	rjmp	.+0      	; 0x2bc <LCD_Init_4b+0x5e>
     2bc:	00 00       	nop
	_delay_ms(5);
	lcd_write_nibble(lcd, 0x03);
     2be:	63 e0       	ldi	r22, 0x03	; 3
     2c0:	ce 01       	movw	r24, r28
     2c2:	0e 94 a9 00 	call	0x152	; 0x152 <lcd_write_nibble>
	#else
		//round up by default
		__ticks_dc = (uint32_t)(ceil(fabs(__tmp)));
	#endif

	__builtin_avr_delay_cycles(__ticks_dc);
     2c6:	87 e5       	ldi	r24, 0x57	; 87
     2c8:	92 e0       	ldi	r25, 0x02	; 2
     2ca:	01 97       	sbiw	r24, 0x01	; 1
     2cc:	f1 f7       	brne	.-4      	; 0x2ca <LCD_Init_4b+0x6c>
     2ce:	00 c0       	rjmp	.+0      	; 0x2d0 <LCD_Init_4b+0x72>
     2d0:	00 00       	nop
	_delay_us(150);
	lcd_write_nibble(lcd, 0x03);
     2d2:	63 e0       	ldi	r22, 0x03	; 3
     2d4:	ce 01       	movw	r24, r28
     2d6:	0e 94 a9 00 	call	0x152	; 0x152 <lcd_write_nibble>
	
	// SET 4 BIT MODE
	lcd_write_nibble(lcd, 0x02);
     2da:	62 e0       	ldi	r22, 0x02	; 2
     2dc:	ce 01       	movw	r24, r28
     2de:	0e 94 a9 00 	call	0x152	; 0x152 <lcd_write_nibble>

	// CONFIGURACIONES
	LCD_Command(lcd, 0x28); // 4 bits, 2 líneas, 5x8
     2e2:	68 e2       	ldi	r22, 0x28	; 40
     2e4:	ce 01       	movw	r24, r28
     2e6:	0e 94 ce 00 	call	0x19c	; 0x19c <LCD_Command>
	LCD_Command(lcd, 0x0C); // Display ON
     2ea:	6c e0       	ldi	r22, 0x0C	; 12
     2ec:	ce 01       	movw	r24, r28
     2ee:	0e 94 ce 00 	call	0x19c	; 0x19c <LCD_Command>
	LCD_Command(lcd, 0x06); // Entry mode
     2f2:	66 e0       	ldi	r22, 0x06	; 6
     2f4:	ce 01       	movw	r24, r28
     2f6:	0e 94 ce 00 	call	0x19c	; 0x19c <LCD_Command>
	LCD_Clear(lcd);
     2fa:	ce 01       	movw	r24, r28
     2fc:	0e 94 25 01 	call	0x24a	; 0x24a <LCD_Clear>
}
     300:	df 91       	pop	r29
     302:	cf 91       	pop	r28
     304:	08 95       	ret

00000306 <I2C_MasterInit>:

#define I2C_TIMEOUT_LIMIT  10000


void I2C_MasterInit(unsigned long SCL_Clock, uint8_t Prescaler)
{
     306:	0f 93       	push	r16
     308:	1f 93       	push	r17
     30a:	cf 93       	push	r28
     30c:	8b 01       	movw	r16, r22
     30e:	9c 01       	movw	r18, r24
     310:	c4 2f       	mov	r28, r20
	DDRC &= ~((1 << DDC4) | (1 << DDC5));
     312:	87 b1       	in	r24, 0x07	; 7
     314:	8f 7c       	andi	r24, 0xCF	; 207
     316:	87 b9       	out	0x07, r24	; 7

	TWSR &= ~((1 << TWPS0) | (1 << TWPS1));
     318:	e9 eb       	ldi	r30, 0xB9	; 185
     31a:	f0 e0       	ldi	r31, 0x00	; 0
     31c:	80 81       	ld	r24, Z
     31e:	8c 7f       	andi	r24, 0xFC	; 252
     320:	80 83       	st	Z, r24

	switch(Prescaler)
     322:	40 31       	cpi	r20, 0x10	; 16
     324:	41 f0       	breq	.+16     	; 0x336 <I2C_MasterInit+0x30>
     326:	40 34       	cpi	r20, 0x40	; 64
     328:	61 f0       	breq	.+24     	; 0x342 <I2C_MasterInit+0x3c>
     32a:	44 30       	cpi	r20, 0x04	; 4
     32c:	79 f4       	brne	.+30     	; 0x34c <I2C_MasterInit+0x46>
	{
		case 1: break;
		case 4:  TWSR |= (1 << TWPS0); break;
     32e:	80 81       	ld	r24, Z
     330:	81 60       	ori	r24, 0x01	; 1
     332:	80 83       	st	Z, r24
     334:	0b c0       	rjmp	.+22     	; 0x34c <I2C_MasterInit+0x46>
		case 16: TWSR |= (1 << TWPS1); break;
     336:	e9 eb       	ldi	r30, 0xB9	; 185
     338:	f0 e0       	ldi	r31, 0x00	; 0
     33a:	80 81       	ld	r24, Z
     33c:	82 60       	ori	r24, 0x02	; 2
     33e:	80 83       	st	Z, r24
     340:	05 c0       	rjmp	.+10     	; 0x34c <I2C_MasterInit+0x46>
		case 64: TWSR |= (1 << TWPS1) | (1 << TWPS0); break;
     342:	e9 eb       	ldi	r30, 0xB9	; 185
     344:	f0 e0       	ldi	r31, 0x00	; 0
     346:	80 81       	ld	r24, Z
     348:	83 60       	ori	r24, 0x03	; 3
     34a:	80 83       	st	Z, r24
	}

	TWBR = ((F_CPU / SCL_Clock) - 16) / (2 * Prescaler);
     34c:	60 e0       	ldi	r22, 0x00	; 0
     34e:	74 e2       	ldi	r23, 0x24	; 36
     350:	84 ef       	ldi	r24, 0xF4	; 244
     352:	90 e0       	ldi	r25, 0x00	; 0
     354:	a9 01       	movw	r20, r18
     356:	98 01       	movw	r18, r16
     358:	0e 94 e3 04 	call	0x9c6	; 0x9c6 <__udivmodsi4>
     35c:	ca 01       	movw	r24, r20
     35e:	b9 01       	movw	r22, r18
     360:	60 51       	subi	r22, 0x10	; 16
     362:	71 09       	sbc	r23, r1
     364:	81 09       	sbc	r24, r1
     366:	91 09       	sbc	r25, r1
     368:	4c 2f       	mov	r20, r28
     36a:	50 e0       	ldi	r21, 0x00	; 0
     36c:	9a 01       	movw	r18, r20
     36e:	22 0f       	add	r18, r18
     370:	33 1f       	adc	r19, r19
     372:	03 2e       	mov	r0, r19
     374:	00 0c       	add	r0, r0
     376:	44 0b       	sbc	r20, r20
     378:	55 0b       	sbc	r21, r21
     37a:	0e 94 e3 04 	call	0x9c6	; 0x9c6 <__udivmodsi4>
     37e:	20 93 b8 00 	sts	0x00B8, r18	; 0x8000b8 <__TEXT_REGION_LENGTH__+0x7f80b8>
}
     382:	cf 91       	pop	r28
     384:	1f 91       	pop	r17
     386:	0f 91       	pop	r16
     388:	08 95       	ret

0000038a <I2C_MasterStart>:

uint8_t I2C_MasterStart()
{
	uint16_t timeout = 0;
	
	TWCR = (1 << TWINT) | (1 << TWSTA) | (1 << TWEN);
     38a:	84 ea       	ldi	r24, 0xA4	; 164
     38c:	80 93 bc 00 	sts	0x00BC, r24	; 0x8000bc <__TEXT_REGION_LENGTH__+0x7f80bc>
	TWBR = ((F_CPU / SCL_Clock) - 16) / (2 * Prescaler);
}

uint8_t I2C_MasterStart()
{
	uint16_t timeout = 0;
     390:	80 e0       	ldi	r24, 0x00	; 0
     392:	90 e0       	ldi	r25, 0x00	; 0
	
	TWCR = (1 << TWINT) | (1 << TWSTA) | (1 << TWEN);
	
	while (!(TWCR & (1 << TWINT)))
     394:	07 c0       	rjmp	.+14     	; 0x3a4 <I2C_MasterStart+0x1a>
	{
		if (timeout++ > I2C_TIMEOUT_LIMIT)
     396:	9c 01       	movw	r18, r24
     398:	2f 5f       	subi	r18, 0xFF	; 255
     39a:	3f 4f       	sbci	r19, 0xFF	; 255
     39c:	81 31       	cpi	r24, 0x11	; 17
     39e:	97 42       	sbci	r25, 0x27	; 39
     3a0:	90 f4       	brcc	.+36     	; 0x3c6 <I2C_MasterStart+0x3c>
     3a2:	c9 01       	movw	r24, r18
{
	uint16_t timeout = 0;
	
	TWCR = (1 << TWINT) | (1 << TWSTA) | (1 << TWEN);
	
	while (!(TWCR & (1 << TWINT)))
     3a4:	20 91 bc 00 	lds	r18, 0x00BC	; 0x8000bc <__TEXT_REGION_LENGTH__+0x7f80bc>
     3a8:	22 23       	and	r18, r18
     3aa:	ac f7       	brge	.-22     	; 0x396 <I2C_MasterStart+0xc>
	{
		if (timeout++ > I2C_TIMEOUT_LIMIT)
		return 0;  // timeout
	}

	uint8_t status = (TWSR & 0xF8);
     3ac:	80 91 b9 00 	lds	r24, 0x00B9	; 0x8000b9 <__TEXT_REGION_LENGTH__+0x7f80b9>
     3b0:	88 7f       	andi	r24, 0xF8	; 248
	return (status == 0x08 || status == 0x10);
     3b2:	88 30       	cpi	r24, 0x08	; 8
     3b4:	21 f0       	breq	.+8      	; 0x3be <I2C_MasterStart+0x34>
     3b6:	80 31       	cpi	r24, 0x10	; 16
     3b8:	21 f4       	brne	.+8      	; 0x3c2 <I2C_MasterStart+0x38>
     3ba:	81 e0       	ldi	r24, 0x01	; 1
     3bc:	08 95       	ret
     3be:	81 e0       	ldi	r24, 0x01	; 1
     3c0:	08 95       	ret
     3c2:	80 e0       	ldi	r24, 0x00	; 0
     3c4:	08 95       	ret
	TWCR = (1 << TWINT) | (1 << TWSTA) | (1 << TWEN);
	
	while (!(TWCR & (1 << TWINT)))
	{
		if (timeout++ > I2C_TIMEOUT_LIMIT)
		return 0;  // timeout
     3c6:	80 e0       	ldi	r24, 0x00	; 0
	}

	uint8_t status = (TWSR & 0xF8);
	return (status == 0x08 || status == 0x10);
}
     3c8:	08 95       	ret

000003ca <I2C_MasterRepeatedStart>:

uint8_t I2C_MasterRepeatedStart(void)
{
	uint16_t timeout = 0;
	
	TWCR = (1 << TWINT) | (1 << TWSTA) | (1 << TWEN);
     3ca:	84 ea       	ldi	r24, 0xA4	; 164
     3cc:	80 93 bc 00 	sts	0x00BC, r24	; 0x8000bc <__TEXT_REGION_LENGTH__+0x7f80bc>
	return (status == 0x08 || status == 0x10);
}

uint8_t I2C_MasterRepeatedStart(void)
{
	uint16_t timeout = 0;
     3d0:	80 e0       	ldi	r24, 0x00	; 0
     3d2:	90 e0       	ldi	r25, 0x00	; 0
	
	TWCR = (1 << TWINT) | (1 << TWSTA) | (1 << TWEN);
	
	while (!(TWCR & (1 << TWINT)))
     3d4:	07 c0       	rjmp	.+14     	; 0x3e4 <I2C_MasterRepeatedStart+0x1a>
	{
		if (timeout++ > I2C_TIMEOUT_LIMIT)
     3d6:	9c 01       	movw	r18, r24
     3d8:	2f 5f       	subi	r18, 0xFF	; 255
     3da:	3f 4f       	sbci	r19, 0xFF	; 255
     3dc:	81 31       	cpi	r24, 0x11	; 17
     3de:	97 42       	sbci	r25, 0x27	; 39
     3e0:	68 f4       	brcc	.+26     	; 0x3fc <I2C_MasterRepeatedStart+0x32>
     3e2:	c9 01       	movw	r24, r18
{
	uint16_t timeout = 0;
	
	TWCR = (1 << TWINT) | (1 << TWSTA) | (1 << TWEN);
	
	while (!(TWCR & (1 << TWINT)))
     3e4:	20 91 bc 00 	lds	r18, 0x00BC	; 0x8000bc <__TEXT_REGION_LENGTH__+0x7f80bc>
     3e8:	22 23       	and	r18, r18
     3ea:	ac f7       	brge	.-22     	; 0x3d6 <I2C_MasterRepeatedStart+0xc>
	{
		if (timeout++ > I2C_TIMEOUT_LIMIT)
			return 0;
	}

	uint8_t status = (TWSR & 0xF8);
     3ec:	90 91 b9 00 	lds	r25, 0x00B9	; 0x8000b9 <__TEXT_REGION_LENGTH__+0x7f80b9>
     3f0:	98 7f       	andi	r25, 0xF8	; 248
	return (status == 0x10);
     3f2:	81 e0       	ldi	r24, 0x01	; 1
     3f4:	90 31       	cpi	r25, 0x10	; 16
     3f6:	19 f0       	breq	.+6      	; 0x3fe <I2C_MasterRepeatedStart+0x34>
     3f8:	80 e0       	ldi	r24, 0x00	; 0
     3fa:	08 95       	ret
	TWCR = (1 << TWINT) | (1 << TWSTA) | (1 << TWEN);
	
	while (!(TWCR & (1 << TWINT)))
	{
		if (timeout++ > I2C_TIMEOUT_LIMIT)
			return 0;
     3fc:	80 e0       	ldi	r24, 0x00	; 0
	}

	uint8_t status = (TWSR & 0xF8);
	return (status == 0x10);
}
     3fe:	08 95       	ret

00000400 <I2C_MasterStop>:

void I2C_MasterStop(void)
{
	TWCR = (1 << TWINT) | (1 << TWEN) | (1 << TWSTO);
     400:	84 e9       	ldi	r24, 0x94	; 148
     402:	80 93 bc 00 	sts	0x00BC, r24	; 0x8000bc <__TEXT_REGION_LENGTH__+0x7f80bc>
     406:	08 95       	ret

00000408 <I2C_Master_Write>:

uint8_t I2C_Master_Write(uint8_t dato)
{
	uint16_t timeout = 0;
	
	TWDR = dato;
     408:	80 93 bb 00 	sts	0x00BB, r24	; 0x8000bb <__TEXT_REGION_LENGTH__+0x7f80bb>
	TWCR = (1 << TWEN) | (1 << TWINT);
     40c:	84 e8       	ldi	r24, 0x84	; 132
     40e:	80 93 bc 00 	sts	0x00BC, r24	; 0x8000bc <__TEXT_REGION_LENGTH__+0x7f80bc>
	TWCR = (1 << TWINT) | (1 << TWEN) | (1 << TWSTO);
}

uint8_t I2C_Master_Write(uint8_t dato)
{
	uint16_t timeout = 0;
     412:	80 e0       	ldi	r24, 0x00	; 0
     414:	90 e0       	ldi	r25, 0x00	; 0
	
	TWDR = dato;
	TWCR = (1 << TWEN) | (1 << TWINT);
	
	while(!(TWCR & (1 << TWINT)))
     416:	07 c0       	rjmp	.+14     	; 0x426 <I2C_Master_Write+0x1e>
	{
		if (timeout++ > I2C_TIMEOUT_LIMIT)
     418:	9c 01       	movw	r18, r24
     41a:	2f 5f       	subi	r18, 0xFF	; 255
     41c:	3f 4f       	sbci	r19, 0xFF	; 255
     41e:	81 31       	cpi	r24, 0x11	; 17
     420:	97 42       	sbci	r25, 0x27	; 39
     422:	48 f4       	brcc	.+18     	; 0x436 <I2C_Master_Write+0x2e>
     424:	c9 01       	movw	r24, r18
	uint16_t timeout = 0;
	
	TWDR = dato;
	TWCR = (1 << TWEN) | (1 << TWINT);
	
	while(!(TWCR & (1 << TWINT)))
     426:	20 91 bc 00 	lds	r18, 0x00BC	; 0x8000bc <__TEXT_REGION_LENGTH__+0x7f80bc>
     42a:	22 23       	and	r18, r18
     42c:	ac f7       	brge	.-22     	; 0x418 <I2C_Master_Write+0x10>
	{
		if (timeout++ > I2C_TIMEOUT_LIMIT)
		return 0;  // timeout
	}

	return (TWSR & 0xF8);
     42e:	80 91 b9 00 	lds	r24, 0x00B9	; 0x8000b9 <__TEXT_REGION_LENGTH__+0x7f80b9>
     432:	88 7f       	andi	r24, 0xF8	; 248
     434:	08 95       	ret
	TWCR = (1 << TWEN) | (1 << TWINT);
	
	while(!(TWCR & (1 << TWINT)))
	{
		if (timeout++ > I2C_TIMEOUT_LIMIT)
		return 0;  // timeout
     436:	80 e0       	ldi	r24, 0x00	; 0
	}

	return (TWSR & 0xF8);
}
     438:	08 95       	ret

0000043a <I2C_MasterRead>:

uint8_t I2C_MasterRead(uint8_t *buffer, uint8_t ack)
{
     43a:	fc 01       	movw	r30, r24
	uint16_t timeout = 0;
	
	if(ack)
     43c:	66 23       	and	r22, r22
     43e:	21 f0       	breq	.+8      	; 0x448 <I2C_MasterRead+0xe>
		TWCR = (1 << TWEN) | (1 << TWINT) | (1 << TWEA);
     440:	84 ec       	ldi	r24, 0xC4	; 196
     442:	80 93 bc 00 	sts	0x00BC, r24	; 0x8000bc <__TEXT_REGION_LENGTH__+0x7f80bc>
     446:	0c c0       	rjmp	.+24     	; 0x460 <I2C_MasterRead+0x26>
	else
		TWCR = (1 << TWEN) | (1 << TWINT);
     448:	84 e8       	ldi	r24, 0x84	; 132
     44a:	80 93 bc 00 	sts	0x00BC, r24	; 0x8000bc <__TEXT_REGION_LENGTH__+0x7f80bc>
     44e:	08 c0       	rjmp	.+16     	; 0x460 <I2C_MasterRead+0x26>

	while(!(TWCR & (1 << TWINT)))
	{
		if (timeout++ > I2C_TIMEOUT_LIMIT)
     450:	a9 01       	movw	r20, r18
     452:	4f 5f       	subi	r20, 0xFF	; 255
     454:	5f 4f       	sbci	r21, 0xFF	; 255
     456:	21 31       	cpi	r18, 0x11	; 17
     458:	37 42       	sbci	r19, 0x27	; 39
     45a:	c0 f4       	brcc	.+48     	; 0x48c <I2C_MasterRead+0x52>
     45c:	9a 01       	movw	r18, r20
     45e:	02 c0       	rjmp	.+4      	; 0x464 <I2C_MasterRead+0x2a>

	return (TWSR & 0xF8);
}

uint8_t I2C_MasterRead(uint8_t *buffer, uint8_t ack)
{
     460:	20 e0       	ldi	r18, 0x00	; 0
     462:	30 e0       	ldi	r19, 0x00	; 0
	if(ack)
		TWCR = (1 << TWEN) | (1 << TWINT) | (1 << TWEA);
	else
		TWCR = (1 << TWEN) | (1 << TWINT);

	while(!(TWCR & (1 << TWINT)))
     464:	90 91 bc 00 	lds	r25, 0x00BC	; 0x8000bc <__TEXT_REGION_LENGTH__+0x7f80bc>
     468:	99 23       	and	r25, r25
     46a:	94 f7       	brge	.-28     	; 0x450 <I2C_MasterRead+0x16>
	{
		if (timeout++ > I2C_TIMEOUT_LIMIT)
			return 0;
	}

	uint8_t status = TWSR & 0xF8;
     46c:	90 91 b9 00 	lds	r25, 0x00B9	; 0x8000b9 <__TEXT_REGION_LENGTH__+0x7f80b9>
     470:	98 7f       	andi	r25, 0xF8	; 248

	if ((ack && status == 0x50) || (!ack && status == 0x58))
     472:	66 23       	and	r22, r22
     474:	11 f0       	breq	.+4      	; 0x47a <I2C_MasterRead+0x40>
     476:	90 35       	cpi	r25, 0x50	; 80
     478:	21 f0       	breq	.+8      	; 0x482 <I2C_MasterRead+0x48>
     47a:	61 11       	cpse	r22, r1
     47c:	09 c0       	rjmp	.+18     	; 0x490 <I2C_MasterRead+0x56>
     47e:	98 35       	cpi	r25, 0x58	; 88
     480:	49 f4       	brne	.+18     	; 0x494 <I2C_MasterRead+0x5a>
	{
		*buffer = TWDR;
     482:	80 91 bb 00 	lds	r24, 0x00BB	; 0x8000bb <__TEXT_REGION_LENGTH__+0x7f80bb>
     486:	80 83       	st	Z, r24
		return 1;
     488:	81 e0       	ldi	r24, 0x01	; 1
     48a:	08 95       	ret
		TWCR = (1 << TWEN) | (1 << TWINT);

	while(!(TWCR & (1 << TWINT)))
	{
		if (timeout++ > I2C_TIMEOUT_LIMIT)
			return 0;
     48c:	80 e0       	ldi	r24, 0x00	; 0
     48e:	08 95       	ret
	{
		*buffer = TWDR;
		return 1;
	}

	return 0;
     490:	80 e0       	ldi	r24, 0x00	; 0
     492:	08 95       	ret
     494:	80 e0       	ldi	r24, 0x00	; 0
}
     496:	08 95       	ret

00000498 <Map_Soil_Percentage>:

// --- FUNCIONES AUXILIARES ---

// Nueva función para evitar repetir la matemática de la humedad
uint8_t Map_Soil_Percentage(uint8_t raw_value) {
    if(raw_value >= SOIL_RAW_DRY) return 0;
     498:	8f 3f       	cpi	r24, 0xFF	; 255
     49a:	99 f0       	breq	.+38     	; 0x4c2 <Map_Soil_Percentage+0x2a>
    if(raw_value <= SOIL_RAW_WET) return 100;
     49c:	81 3a       	cpi	r24, 0xA1	; 161
     49e:	98 f0       	brcs	.+38     	; 0x4c6 <Map_Soil_Percentage+0x2e>
    return 100 - ((raw_value - SOIL_RAW_WET) * 100) / (SOIL_RAW_DRY - SOIL_RAW_WET);
     4a0:	28 2f       	mov	r18, r24
     4a2:	30 e0       	ldi	r19, 0x00	; 0
     4a4:	20 5a       	subi	r18, 0xA0	; 160
     4a6:	31 09       	sbc	r19, r1
     4a8:	44 e6       	ldi	r20, 0x64	; 100
     4aa:	42 9f       	mul	r20, r18
     4ac:	c0 01       	movw	r24, r0
     4ae:	43 9f       	mul	r20, r19
     4b0:	90 0d       	add	r25, r0
     4b2:	11 24       	eor	r1, r1
     4b4:	6f e5       	ldi	r22, 0x5F	; 95
     4b6:	70 e0       	ldi	r23, 0x00	; 0
     4b8:	0e 94 cf 04 	call	0x99e	; 0x99e <__divmodhi4>
     4bc:	84 2f       	mov	r24, r20
     4be:	86 1b       	sub	r24, r22
     4c0:	08 95       	ret

// --- FUNCIONES AUXILIARES ---

// Nueva función para evitar repetir la matemática de la humedad
uint8_t Map_Soil_Percentage(uint8_t raw_value) {
    if(raw_value >= SOIL_RAW_DRY) return 0;
     4c2:	80 e0       	ldi	r24, 0x00	; 0
     4c4:	08 95       	ret
    if(raw_value <= SOIL_RAW_WET) return 100;
     4c6:	84 e6       	ldi	r24, 0x64	; 100
    return 100 - ((raw_value - SOIL_RAW_WET) * 100) / (SOIL_RAW_DRY - SOIL_RAW_WET);
}
     4c8:	08 95       	ret

000004ca <I2C_SendCommand>:
    }
}

// --- IMPLEMENTACIÓN I2C / SENSORES ---

void I2C_SendCommand(uint8_t slave_addr, uint8_t command) {
     4ca:	cf 93       	push	r28
     4cc:	df 93       	push	r29
     4ce:	d8 2f       	mov	r29, r24
     4d0:	c6 2f       	mov	r28, r22
    if (I2C_MasterStart()) {
     4d2:	0e 94 c5 01 	call	0x38a	; 0x38a <I2C_MasterStart>
     4d6:	88 23       	and	r24, r24
     4d8:	49 f0       	breq	.+18     	; 0x4ec <I2C_SendCommand+0x22>
        I2C_Master_Write((slave_addr << 1) | I2C_WRITE);
     4da:	8d 2f       	mov	r24, r29
     4dc:	88 0f       	add	r24, r24
     4de:	0e 94 04 02 	call	0x408	; 0x408 <I2C_Master_Write>
        I2C_Master_Write(command);
     4e2:	8c 2f       	mov	r24, r28
     4e4:	0e 94 04 02 	call	0x408	; 0x408 <I2C_Master_Write>
        I2C_MasterStop();
     4e8:	0e 94 00 02 	call	0x400	; 0x400 <I2C_MasterStop>
    }
}
     4ec:	df 91       	pop	r29
     4ee:	cf 91       	pop	r28
     4f0:	08 95       	ret

000004f2 <Fan_SetSpeed>:

void Fan_SetSpeed(uint8_t speed) {
     4f2:	cf 93       	push	r28
     4f4:	c8 2f       	mov	r28, r24
    if (I2C_MasterStart()) {
     4f6:	0e 94 c5 01 	call	0x38a	; 0x38a <I2C_MasterStart>
     4fa:	88 23       	and	r24, r24
     4fc:	59 f0       	breq	.+22     	; 0x514 <Fan_SetSpeed+0x22>
        I2C_Master_Write((SLAVE_ENV_ADDR << 1) | I2C_WRITE);
     4fe:	82 e6       	ldi	r24, 0x62	; 98
     500:	0e 94 04 02 	call	0x408	; 0x408 <I2C_Master_Write>
        I2C_Master_Write(CMD_FAN_PWM);
     504:	83 e4       	ldi	r24, 0x43	; 67
     506:	0e 94 04 02 	call	0x408	; 0x408 <I2C_Master_Write>
        I2C_Master_Write(speed);
     50a:	8c 2f       	mov	r24, r28
     50c:	0e 94 04 02 	call	0x408	; 0x408 <I2C_Master_Write>
        I2C_MasterStop();
     510:	0e 94 00 02 	call	0x400	; 0x400 <I2C_MasterStop>
    }
}
     514:	cf 91       	pop	r28
     516:	08 95       	ret

00000518 <Read_Soil>:

uint8_t Read_Soil(void) {
     518:	cf 93       	push	r28
     51a:	df 93       	push	r29
     51c:	1f 92       	push	r1
     51e:	cd b7       	in	r28, 0x3d	; 61
     520:	de b7       	in	r29, 0x3e	; 62
    uint8_t val = 0;
     522:	19 82       	std	Y+1, r1	; 0x01
    if (I2C_MasterStart()) {
     524:	0e 94 c5 01 	call	0x38a	; 0x38a <I2C_MasterStart>
     528:	88 23       	and	r24, r24
     52a:	91 f0       	breq	.+36     	; 0x550 <Read_Soil+0x38>
        I2C_Master_Write((SLAVE_ENV_ADDR << 1) | I2C_WRITE);
     52c:	82 e6       	ldi	r24, 0x62	; 98
     52e:	0e 94 04 02 	call	0x408	; 0x408 <I2C_Master_Write>
        I2C_Master_Write(CMD_READ_SOIL);
     532:	80 e4       	ldi	r24, 0x40	; 64
     534:	0e 94 04 02 	call	0x408	; 0x408 <I2C_Master_Write>
        I2C_MasterRepeatedStart();
     538:	0e 94 e5 01 	call	0x3ca	; 0x3ca <I2C_MasterRepeatedStart>
        I2C_Master_Write((SLAVE_ENV_ADDR << 1) | I2C_READ);
     53c:	83 e6       	ldi	r24, 0x63	; 99
     53e:	0e 94 04 02 	call	0x408	; 0x408 <I2C_Master_Write>
        I2C_MasterRead(&val, I2C_NACK);
     542:	60 e0       	ldi	r22, 0x00	; 0
     544:	ce 01       	movw	r24, r28
     546:	01 96       	adiw	r24, 0x01	; 1
     548:	0e 94 1d 02 	call	0x43a	; 0x43a <I2C_MasterRead>
        I2C_MasterStop();
     54c:	0e 94 00 02 	call	0x400	; 0x400 <I2C_MasterStop>
    }
    return val;
}
     550:	89 81       	ldd	r24, Y+1	; 0x01
     552:	0f 90       	pop	r0
     554:	df 91       	pop	r29
     556:	cf 91       	pop	r28
     558:	08 95       	ret

0000055a <TSL2561_Read>:
	// 2. CONFIGURAR TIMING: Escribir 0x12 (Gain 16x, 402ms) en el registro 0x01
	// Esto es vital para que no dé 0 en interiores
	TSL2561_WriteRegister(0x01, 0x12);
}

uint16_t TSL2561_Read(void) {
     55a:	cf 93       	push	r28
     55c:	df 93       	push	r29
     55e:	00 d0       	rcall	.+0      	; 0x560 <TSL2561_Read+0x6>
     560:	cd b7       	in	r28, 0x3d	; 61
     562:	de b7       	in	r29, 0x3e	; 62
    uint8_t low = 0, high = 0;
     564:	19 82       	std	Y+1, r1	; 0x01
     566:	1a 82       	std	Y+2, r1	; 0x02
    if (I2C_MasterStart()) {
     568:	0e 94 c5 01 	call	0x38a	; 0x38a <I2C_MasterStart>
     56c:	88 23       	and	r24, r24
     56e:	b9 f0       	breq	.+46     	; 0x59e <TSL2561_Read+0x44>
        I2C_Master_Write((TSL2561_ADDR << 1) | I2C_WRITE);
     570:	82 e7       	ldi	r24, 0x72	; 114
     572:	0e 94 04 02 	call	0x408	; 0x408 <I2C_Master_Write>
        I2C_Master_Write(0x80 | 0x20 | 0x0C); 
     576:	8c ea       	ldi	r24, 0xAC	; 172
     578:	0e 94 04 02 	call	0x408	; 0x408 <I2C_Master_Write>
        I2C_MasterRepeatedStart();
     57c:	0e 94 e5 01 	call	0x3ca	; 0x3ca <I2C_MasterRepeatedStart>
        I2C_Master_Write((TSL2561_ADDR << 1) | I2C_READ);
     580:	83 e7       	ldi	r24, 0x73	; 115
     582:	0e 94 04 02 	call	0x408	; 0x408 <I2C_Master_Write>
        I2C_MasterRead(&low, I2C_ACK);
     586:	61 e0       	ldi	r22, 0x01	; 1
     588:	ce 01       	movw	r24, r28
     58a:	01 96       	adiw	r24, 0x01	; 1
     58c:	0e 94 1d 02 	call	0x43a	; 0x43a <I2C_MasterRead>
        I2C_MasterRead(&high, I2C_NACK);
     590:	60 e0       	ldi	r22, 0x00	; 0
     592:	ce 01       	movw	r24, r28
     594:	02 96       	adiw	r24, 0x02	; 2
     596:	0e 94 1d 02 	call	0x43a	; 0x43a <I2C_MasterRead>
        I2C_MasterStop();
     59a:	0e 94 00 02 	call	0x400	; 0x400 <I2C_MasterStop>
    }
    return (uint16_t)((high << 8) | low);
     59e:	8a 81       	ldd	r24, Y+2	; 0x02
     5a0:	90 e0       	ldi	r25, 0x00	; 0
     5a2:	98 2f       	mov	r25, r24
     5a4:	88 27       	eor	r24, r24
     5a6:	29 81       	ldd	r18, Y+1	; 0x01
}
     5a8:	82 2b       	or	r24, r18
     5aa:	0f 90       	pop	r0
     5ac:	0f 90       	pop	r0
     5ae:	df 91       	pop	r29
     5b0:	cf 91       	pop	r28
     5b2:	08 95       	ret

000005b4 <Process_Command>:
    if(raw_value >= SOIL_RAW_DRY) return 0;
    if(raw_value <= SOIL_RAW_WET) return 100;
    return 100 - ((raw_value - SOIL_RAW_WET) * 100) / (SOIL_RAW_DRY - SOIL_RAW_WET);
}

void Process_Command(void) {
     5b4:	cf 93       	push	r28
    switch (rx_buffer[0]) {
     5b6:	80 91 db 01 	lds	r24, 0x01DB	; 0x8001db <rx_buffer>
     5ba:	80 35       	cpi	r24, 0x50	; 80
     5bc:	09 f4       	brne	.+2      	; 0x5c0 <Process_Command+0xc>
     5be:	4e c0       	rjmp	.+156    	; 0x65c <Process_Command+0xa8>
     5c0:	30 f4       	brcc	.+12     	; 0x5ce <Process_Command+0x1a>
     5c2:	86 34       	cpi	r24, 0x46	; 70
     5c4:	09 f4       	brne	.+2      	; 0x5c8 <Process_Command+0x14>
     5c6:	66 c0       	rjmp	.+204    	; 0x694 <Process_Command+0xe0>
     5c8:	8c 34       	cpi	r24, 0x4C	; 76
     5ca:	79 f1       	breq	.+94     	; 0x62a <Process_Command+0x76>
     5cc:	76 c0       	rjmp	.+236    	; 0x6ba <Process_Command+0x106>
     5ce:	83 35       	cpi	r24, 0x53	; 83
     5d0:	09 f4       	brne	.+2      	; 0x5d4 <Process_Command+0x20>
     5d2:	52 c0       	rjmp	.+164    	; 0x678 <Process_Command+0xc4>
     5d4:	86 35       	cpi	r24, 0x56	; 86
     5d6:	09 f4       	brne	.+2      	; 0x5da <Process_Command+0x26>
     5d8:	6a c0       	rjmp	.+212    	; 0x6ae <Process_Command+0xfa>
     5da:	81 35       	cpi	r24, 0x51	; 81
     5dc:	09 f0       	breq	.+2      	; 0x5e0 <Process_Command+0x2c>
     5de:	6d c0       	rjmp	.+218    	; 0x6ba <Process_Command+0x106>
        case 'Q': {
            uint8_t percentage = Map_Soil_Percentage(Read_Soil());
     5e0:	0e 94 8c 02 	call	0x518	; 0x518 <Read_Soil>
     5e4:	0e 94 4c 02 	call	0x498	; 0x498 <Map_Soil_Percentage>
     5e8:	c8 2f       	mov	r28, r24
            sprintf(lcd_buf, "Soil Hum: %d%%\r\n", percentage);
     5ea:	1f 92       	push	r1
     5ec:	8f 93       	push	r24
     5ee:	89 e3       	ldi	r24, 0x39	; 57
     5f0:	91 e0       	ldi	r25, 0x01	; 1
     5f2:	9f 93       	push	r25
     5f4:	8f 93       	push	r24
     5f6:	8a ec       	ldi	r24, 0xCA	; 202
     5f8:	91 e0       	ldi	r25, 0x01	; 1
     5fa:	9f 93       	push	r25
     5fc:	8f 93       	push	r24
     5fe:	0e 94 3f 05 	call	0xa7e	; 0xa7e <sprintf>
            UART_SendString(lcd_buf);
     602:	8a ec       	ldi	r24, 0xCA	; 202
     604:	91 e0       	ldi	r25, 0x01	; 1
     606:	0e 94 c2 04 	call	0x984	; 0x984 <UART_SendString>
            UART_SendString(percentage > 40 ? "Status: OK\r\n" : "Status: DRY\r\n");
     60a:	0f 90       	pop	r0
     60c:	0f 90       	pop	r0
     60e:	0f 90       	pop	r0
     610:	0f 90       	pop	r0
     612:	0f 90       	pop	r0
     614:	0f 90       	pop	r0
     616:	c9 32       	cpi	r28, 0x29	; 41
     618:	18 f0       	brcs	.+6      	; 0x620 <Process_Command+0x6c>
     61a:	8e e1       	ldi	r24, 0x1E	; 30
     61c:	91 e0       	ldi	r25, 0x01	; 1
     61e:	02 c0       	rjmp	.+4      	; 0x624 <Process_Command+0x70>
     620:	8b e2       	ldi	r24, 0x2B	; 43
     622:	91 e0       	ldi	r25, 0x01	; 1
     624:	0e 94 c2 04 	call	0x984	; 0x984 <UART_SendString>
        } break;
     628:	48 c0       	rjmp	.+144    	; 0x6ba <Process_Command+0x106>

        case 'L': {
            uint16_t lux = TSL2561_Read();
     62a:	0e 94 ad 02 	call	0x55a	; 0x55a <TSL2561_Read>
            sprintf(lcd_buf, "Luz: %u\r\n", lux);
     62e:	9f 93       	push	r25
     630:	8f 93       	push	r24
     632:	8a e4       	ldi	r24, 0x4A	; 74
     634:	91 e0       	ldi	r25, 0x01	; 1
     636:	9f 93       	push	r25
     638:	8f 93       	push	r24
     63a:	8a ec       	ldi	r24, 0xCA	; 202
     63c:	91 e0       	ldi	r25, 0x01	; 1
     63e:	9f 93       	push	r25
     640:	8f 93       	push	r24
     642:	0e 94 3f 05 	call	0xa7e	; 0xa7e <sprintf>
            UART_SendString(lcd_buf);
     646:	8a ec       	ldi	r24, 0xCA	; 202
     648:	91 e0       	ldi	r25, 0x01	; 1
     64a:	0e 94 c2 04 	call	0x984	; 0x984 <UART_SendString>
        } break;
     64e:	0f 90       	pop	r0
     650:	0f 90       	pop	r0
     652:	0f 90       	pop	r0
     654:	0f 90       	pop	r0
     656:	0f 90       	pop	r0
     658:	0f 90       	pop	r0
     65a:	2f c0       	rjmp	.+94     	; 0x6ba <Process_Command+0x106>

        case 'P':
            if(rx_buffer[1] == '1') I2C_SendCommand(SLAVE_ACTUATORS_ADDR, CMD_PUMP_START);
     65c:	80 91 dc 01 	lds	r24, 0x01DC	; 0x8001dc <rx_buffer+0x1>
     660:	81 33       	cpi	r24, 0x31	; 49
     662:	29 f4       	brne	.+10     	; 0x66e <Process_Command+0xba>
     664:	60 e2       	ldi	r22, 0x20	; 32
     666:	80 e3       	ldi	r24, 0x30	; 48
     668:	0e 94 65 02 	call	0x4ca	; 0x4ca <I2C_SendCommand>
     66c:	26 c0       	rjmp	.+76     	; 0x6ba <Process_Command+0x106>
            else I2C_SendCommand(SLAVE_ACTUATORS_ADDR, CMD_PUMP_STOP);
     66e:	61 e2       	ldi	r22, 0x21	; 33
     670:	80 e3       	ldi	r24, 0x30	; 48
     672:	0e 94 65 02 	call	0x4ca	; 0x4ca <I2C_SendCommand>
     676:	21 c0       	rjmp	.+66     	; 0x6ba <Process_Command+0x106>
            break;

        case 'S':
            if(rx_buffer[1] == '1') I2C_SendCommand(SLAVE_ACTUATORS_ADDR, CMD_SERVO_OPEN);
     678:	80 91 dc 01 	lds	r24, 0x01DC	; 0x8001dc <rx_buffer+0x1>
     67c:	81 33       	cpi	r24, 0x31	; 49
     67e:	29 f4       	brne	.+10     	; 0x68a <Process_Command+0xd6>
     680:	60 e1       	ldi	r22, 0x10	; 16
     682:	80 e3       	ldi	r24, 0x30	; 48
     684:	0e 94 65 02 	call	0x4ca	; 0x4ca <I2C_SendCommand>
     688:	18 c0       	rjmp	.+48     	; 0x6ba <Process_Command+0x106>
            else I2C_SendCommand(SLAVE_ACTUATORS_ADDR, CMD_SERVO_CLOSE);
     68a:	61 e1       	ldi	r22, 0x11	; 17
     68c:	80 e3       	ldi	r24, 0x30	; 48
     68e:	0e 94 65 02 	call	0x4ca	; 0x4ca <I2C_SendCommand>
     692:	13 c0       	rjmp	.+38     	; 0x6ba <Process_Command+0x106>
            break;

        case 'F':
            if(rx_buffer[1] == '1') I2C_SendCommand(SLAVE_ENV_ADDR, CMD_FAN_ON);
     694:	80 91 dc 01 	lds	r24, 0x01DC	; 0x8001dc <rx_buffer+0x1>
     698:	81 33       	cpi	r24, 0x31	; 49
     69a:	21 f4       	brne	.+8      	; 0x6a4 <Process_Command+0xf0>
     69c:	61 e4       	ldi	r22, 0x41	; 65
     69e:	0e 94 65 02 	call	0x4ca	; 0x4ca <I2C_SendCommand>
     6a2:	0b c0       	rjmp	.+22     	; 0x6ba <Process_Command+0x106>
            else I2C_SendCommand(SLAVE_ENV_ADDR, CMD_FAN_OFF);
     6a4:	62 e4       	ldi	r22, 0x42	; 66
     6a6:	81 e3       	ldi	r24, 0x31	; 49
     6a8:	0e 94 65 02 	call	0x4ca	; 0x4ca <I2C_SendCommand>
     6ac:	06 c0       	rjmp	.+12     	; 0x6ba <Process_Command+0x106>
            break;

        case 'V': {
            uint8_t speed = (uint8_t)atoi((char*)&rx_buffer[1]);
     6ae:	8c ed       	ldi	r24, 0xDC	; 220
     6b0:	91 e0       	ldi	r25, 0x01	; 1
     6b2:	0e 94 19 05 	call	0xa32	; 0xa32 <atoi>
            Fan_SetSpeed(speed);
     6b6:	0e 94 79 02 	call	0x4f2	; 0x4f2 <Fan_SetSpeed>
        } break;
    }
}
     6ba:	cf 91       	pop	r28
     6bc:	08 95       	ret

000006be <TSL2561_WriteRegister>:
    }
    return (uint16_t)((high << 8) | low);
}

// Función para escribir un valor en un registro específico del sensor
void TSL2561_WriteRegister(uint8_t reg, uint8_t data) {
     6be:	cf 93       	push	r28
     6c0:	df 93       	push	r29
     6c2:	d8 2f       	mov	r29, r24
     6c4:	c6 2f       	mov	r28, r22
	if (I2C_MasterStart()) {
     6c6:	0e 94 c5 01 	call	0x38a	; 0x38a <I2C_MasterStart>
     6ca:	88 23       	and	r24, r24
     6cc:	61 f0       	breq	.+24     	; 0x6e6 <TSL2561_WriteRegister+0x28>
		I2C_Master_Write((TSL2561_ADDR << 1) | I2C_WRITE);
     6ce:	82 e7       	ldi	r24, 0x72	; 114
     6d0:	0e 94 04 02 	call	0x408	; 0x408 <I2C_Master_Write>
		I2C_Master_Write(0x80 | reg); // Bit de comando + dirección del registro
     6d4:	8d 2f       	mov	r24, r29
     6d6:	80 68       	ori	r24, 0x80	; 128
     6d8:	0e 94 04 02 	call	0x408	; 0x408 <I2C_Master_Write>
		I2C_Master_Write(data);       // El valor a escribir (ej. 0x03 para encender)
     6dc:	8c 2f       	mov	r24, r28
     6de:	0e 94 04 02 	call	0x408	; 0x408 <I2C_Master_Write>
		I2C_MasterStop();
     6e2:	0e 94 00 02 	call	0x400	; 0x400 <I2C_MasterStop>
	}
}
     6e6:	df 91       	pop	r29
     6e8:	cf 91       	pop	r28
     6ea:	08 95       	ret

000006ec <TSL2561_Init>:
    return val;
}

void TSL2561_Init(void) {
	// 1. POWER UP: Escribir 0x03 en el registro 0x00
	TSL2561_WriteRegister(0x00, 0x03);
     6ec:	63 e0       	ldi	r22, 0x03	; 3
     6ee:	80 e0       	ldi	r24, 0x00	; 0
     6f0:	0e 94 5f 03 	call	0x6be	; 0x6be <TSL2561_WriteRegister>
	#else
		//round up by default
		__ticks_dc = (uint32_t)(ceil(fabs(__tmp)));
	#endif

	__builtin_avr_delay_cycles(__ticks_dc);
     6f4:	8f e3       	ldi	r24, 0x3F	; 63
     6f6:	9c e9       	ldi	r25, 0x9C	; 156
     6f8:	01 97       	sbiw	r24, 0x01	; 1
     6fa:	f1 f7       	brne	.-4      	; 0x6f8 <TSL2561_Init+0xc>
     6fc:	00 c0       	rjmp	.+0      	; 0x6fe <TSL2561_Init+0x12>
     6fe:	00 00       	nop
	_delay_ms(10); // Esperar a que el regulador interno estabilice

	// 2. CONFIGURAR TIMING: Escribir 0x12 (Gain 16x, 402ms) en el registro 0x01
	// Esto es vital para que no dé 0 en interiores
	TSL2561_WriteRegister(0x01, 0x12);
     700:	62 e1       	ldi	r22, 0x12	; 18
     702:	81 e0       	ldi	r24, 0x01	; 1
     704:	0e 94 5f 03 	call	0x6be	; 0x6be <TSL2561_WriteRegister>
     708:	08 95       	ret

0000070a <Test_Sensor_ID>:
		I2C_Master_Write(data);       // El valor a escribir (ej. 0x03 para encender)
		I2C_MasterStop();
	}
}

void Test_Sensor_ID(void) {
     70a:	0f 93       	push	r16
     70c:	1f 93       	push	r17
     70e:	cf 93       	push	r28
     710:	df 93       	push	r29
     712:	cd b7       	in	r28, 0x3d	; 61
     714:	de b7       	in	r29, 0x3e	; 62
     716:	6f 97       	sbiw	r28, 0x1f	; 31
     718:	0f b6       	in	r0, 0x3f	; 63
     71a:	f8 94       	cli
     71c:	de bf       	out	0x3e, r29	; 62
     71e:	0f be       	out	0x3f, r0	; 63
     720:	cd bf       	out	0x3d, r28	; 61
	uint8_t id = 0;
     722:	19 82       	std	Y+1, r1	; 0x01
	if (I2C_MasterStart()) {
     724:	0e 94 c5 01 	call	0x38a	; 0x38a <I2C_MasterStart>
     728:	88 23       	and	r24, r24
     72a:	b1 f1       	breq	.+108    	; 0x798 <Test_Sensor_ID+0x8e>
		I2C_Master_Write((TSL2561_ADDR << 1) | I2C_WRITE);
     72c:	82 e7       	ldi	r24, 0x72	; 114
     72e:	0e 94 04 02 	call	0x408	; 0x408 <I2C_Master_Write>
		I2C_Master_Write(0x80 | 0x0A); // Dirección del registro ID
     732:	8a e8       	ldi	r24, 0x8A	; 138
     734:	0e 94 04 02 	call	0x408	; 0x408 <I2C_Master_Write>
		I2C_MasterRepeatedStart();
     738:	0e 94 e5 01 	call	0x3ca	; 0x3ca <I2C_MasterRepeatedStart>
		I2C_Master_Write((TSL2561_ADDR << 1) | I2C_READ);
     73c:	83 e7       	ldi	r24, 0x73	; 115
     73e:	0e 94 04 02 	call	0x408	; 0x408 <I2C_Master_Write>
		I2C_MasterRead(&id, I2C_NACK);
     742:	60 e0       	ldi	r22, 0x00	; 0
     744:	ce 01       	movw	r24, r28
     746:	01 96       	adiw	r24, 0x01	; 1
     748:	0e 94 1d 02 	call	0x43a	; 0x43a <I2C_MasterRead>
		I2C_MasterStop();
     74c:	0e 94 00 02 	call	0x400	; 0x400 <I2C_MasterStop>
		
		char buf[30];
		sprintf(buf, "ID del Sensor: 0x%02X\r\n", id);
     750:	89 81       	ldd	r24, Y+1	; 0x01
     752:	1f 92       	push	r1
     754:	8f 93       	push	r24
     756:	84 e5       	ldi	r24, 0x54	; 84
     758:	91 e0       	ldi	r25, 0x01	; 1
     75a:	9f 93       	push	r25
     75c:	8f 93       	push	r24
     75e:	8e 01       	movw	r16, r28
     760:	0e 5f       	subi	r16, 0xFE	; 254
     762:	1f 4f       	sbci	r17, 0xFF	; 255
     764:	1f 93       	push	r17
     766:	0f 93       	push	r16
     768:	0e 94 3f 05 	call	0xa7e	; 0xa7e <sprintf>
		UART_SendString(buf);
     76c:	c8 01       	movw	r24, r16
     76e:	0e 94 c2 04 	call	0x984	; 0x984 <UART_SendString>
		
		// El TSL2561 suele devolver algo como 0x11 o 0x50 según la versión
		if(id != 0 && id != 0xFF) UART_SendString("Sensor VIVO!\r\n");
     772:	89 81       	ldd	r24, Y+1	; 0x01
     774:	81 50       	subi	r24, 0x01	; 1
     776:	0f 90       	pop	r0
     778:	0f 90       	pop	r0
     77a:	0f 90       	pop	r0
     77c:	0f 90       	pop	r0
     77e:	0f 90       	pop	r0
     780:	0f 90       	pop	r0
     782:	8e 3f       	cpi	r24, 0xFE	; 254
     784:	28 f4       	brcc	.+10     	; 0x790 <Test_Sensor_ID+0x86>
     786:	8c e6       	ldi	r24, 0x6C	; 108
     788:	91 e0       	ldi	r25, 0x01	; 1
     78a:	0e 94 c2 04 	call	0x984	; 0x984 <UART_SendString>
     78e:	04 c0       	rjmp	.+8      	; 0x798 <Test_Sensor_ID+0x8e>
		else UART_SendString("Sensor NO RESPONDE\r\n");
     790:	8b e7       	ldi	r24, 0x7B	; 123
     792:	91 e0       	ldi	r25, 0x01	; 1
     794:	0e 94 c2 04 	call	0x984	; 0x984 <UART_SendString>
	}
}
     798:	6f 96       	adiw	r28, 0x1f	; 31
     79a:	0f b6       	in	r0, 0x3f	; 63
     79c:	f8 94       	cli
     79e:	de bf       	out	0x3e, r29	; 62
     7a0:	0f be       	out	0x3f, r0	; 63
     7a2:	cd bf       	out	0x3d, r28	; 61
     7a4:	df 91       	pop	r29
     7a6:	cf 91       	pop	r28
     7a8:	1f 91       	pop	r17
     7aa:	0f 91       	pop	r16
     7ac:	08 95       	ret

000007ae <setup>:
void Test_Sensor_ID(void);

// --- SETUP ---
void setup(void)
{
	I2C_MasterInit(100000UL, 1);
     7ae:	41 e0       	ldi	r20, 0x01	; 1
     7b0:	60 ea       	ldi	r22, 0xA0	; 160
     7b2:	76 e8       	ldi	r23, 0x86	; 134
     7b4:	81 e0       	ldi	r24, 0x01	; 1
     7b6:	90 e0       	ldi	r25, 0x00	; 0
     7b8:	0e 94 83 01 	call	0x306	; 0x306 <I2C_MasterInit>
	UART_Init(UART_BAUD_9600_16MHZ, UART_INTERRUPTS_ENABLED);
     7bc:	61 e0       	ldi	r22, 0x01	; 1
     7be:	80 ed       	ldi	r24, 0xD0	; 208
     7c0:	90 e0       	ldi	r25, 0x00	; 0
     7c2:	0e 94 94 04 	call	0x928	; 0x928 <UART_Init>
	LCD_Init_4b(&lcd);
     7c6:	80 e0       	ldi	r24, 0x00	; 0
     7c8:	91 e0       	ldi	r25, 0x01	; 1
     7ca:	0e 94 2f 01 	call	0x25e	; 0x25e <LCD_Init_4b>
	
	TSL2561_Init();    // Configura el sensor
     7ce:	0e 94 76 03 	call	0x6ec	; 0x6ec <TSL2561_Init>
	Test_Sensor_ID();  // <-- ¡PONLO AQUÍ! Diagnóstico al arrancar
     7d2:	0e 94 85 03 	call	0x70a	; 0x70a <Test_Sensor_ID>
	
	sei();   // Habilitar interrupciones globales
     7d6:	78 94       	sei

	LCD_Clear(&lcd);
     7d8:	80 e0       	ldi	r24, 0x00	; 0
     7da:	91 e0       	ldi	r25, 0x01	; 1
     7dc:	0e 94 25 01 	call	0x24a	; 0x24a <LCD_Clear>
	LCD_SetCursor(&lcd, 0, 0);
     7e0:	40 e0       	ldi	r20, 0x00	; 0
     7e2:	60 e0       	ldi	r22, 0x00	; 0
     7e4:	80 e0       	ldi	r24, 0x00	; 0
     7e6:	91 e0       	ldi	r25, 0x01	; 1
     7e8:	0e 94 1b 01 	call	0x236	; 0x236 <LCD_SetCursor>
	LCD_WriteString(&lcd, "INVERNADERO OK");
     7ec:	60 e9       	ldi	r22, 0x90	; 144
     7ee:	71 e0       	ldi	r23, 0x01	; 1
     7f0:	80 e0       	ldi	r24, 0x00	; 0
     7f2:	91 e0       	ldi	r25, 0x01	; 1
     7f4:	0e 94 08 01 	call	0x210	; 0x210 <LCD_WriteString>
	UART_SendString("Sistema listo\r\n");
     7f8:	8f e9       	ldi	r24, 0x9F	; 159
     7fa:	91 e0       	ldi	r25, 0x01	; 1
     7fc:	0e 94 c2 04 	call	0x984	; 0x984 <UART_SendString>
     800:	08 95       	ret

00000802 <main>:
}

// --- MAIN ---
int main(void) {
    setup();
     802:	0e 94 d7 03 	call	0x7ae	; 0x7ae <setup>

    while(1) {
        if(command_ready) {
     806:	80 91 c8 01 	lds	r24, 0x01C8	; 0x8001c8 <command_ready>
     80a:	88 23       	and	r24, r24
     80c:	21 f0       	breq	.+8      	; 0x816 <main+0x14>
            Process_Command();
     80e:	0e 94 da 02 	call	0x5b4	; 0x5b4 <Process_Command>
            command_ready = 0;
     812:	10 92 c8 01 	sts	0x01C8, r1	; 0x8001c8 <command_ready>
        }
        
        static uint16_t refresh_timer = 0;
        if(refresh_timer++ > 500) { // Cada ~500ms
     816:	80 91 c6 01 	lds	r24, 0x01C6	; 0x8001c6 <__data_end>
     81a:	90 91 c7 01 	lds	r25, 0x01C7	; 0x8001c7 <__data_end+0x1>
     81e:	9c 01       	movw	r18, r24
     820:	2f 5f       	subi	r18, 0xFF	; 255
     822:	3f 4f       	sbci	r19, 0xFF	; 255
     824:	30 93 c7 01 	sts	0x01C7, r19	; 0x8001c7 <__data_end+0x1>
     828:	20 93 c6 01 	sts	0x01C6, r18	; 0x8001c6 <__data_end>
     82c:	85 3f       	cpi	r24, 0xF5	; 245
     82e:	91 40       	sbci	r25, 0x01	; 1
     830:	08 f4       	brcc	.+2      	; 0x834 <main+0x32>
     832:	41 c0       	rjmp	.+130    	; 0x8b6 <main+0xb4>
            uint16_t current_lux = TSL2561_Read();
     834:	0e 94 ad 02 	call	0x55a	; 0x55a <TSL2561_Read>
     838:	18 2f       	mov	r17, r24
     83a:	09 2f       	mov	r16, r25
            uint8_t percentage = Map_Soil_Percentage(Read_Soil());
     83c:	0e 94 8c 02 	call	0x518	; 0x518 <Read_Soil>
     840:	0e 94 4c 02 	call	0x498	; 0x498 <Map_Soil_Percentage>
     844:	c8 2f       	mov	r28, r24

            // Actualizar LCD - Fila 1: Humedad
            LCD_SetCursor(&lcd, 0, 1);
     846:	41 e0       	ldi	r20, 0x01	; 1
     848:	60 e0       	ldi	r22, 0x00	; 0
     84a:	80 e0       	ldi	r24, 0x00	; 0
     84c:	91 e0       	ldi	r25, 0x01	; 1
     84e:	0e 94 1b 01 	call	0x236	; 0x236 <LCD_SetCursor>
            sprintf(lcd_buf, "Hum: %3d%%      ", percentage);
     852:	1f 92       	push	r1
     854:	cf 93       	push	r28
     856:	8f ea       	ldi	r24, 0xAF	; 175
     858:	91 e0       	ldi	r25, 0x01	; 1
     85a:	9f 93       	push	r25
     85c:	8f 93       	push	r24
     85e:	ca ec       	ldi	r28, 0xCA	; 202
     860:	d1 e0       	ldi	r29, 0x01	; 1
     862:	df 93       	push	r29
     864:	cf 93       	push	r28
     866:	0e 94 3f 05 	call	0xa7e	; 0xa7e <sprintf>
            LCD_WriteString(&lcd, lcd_buf);
     86a:	be 01       	movw	r22, r28
     86c:	80 e0       	ldi	r24, 0x00	; 0
     86e:	91 e0       	ldi	r25, 0x01	; 1
     870:	0e 94 08 01 	call	0x210	; 0x210 <LCD_WriteString>
            
            // Actualizar LCD - Fila 0: Luz (después del mensaje OK)
            LCD_SetCursor(&lcd, 10, 0);
     874:	40 e0       	ldi	r20, 0x00	; 0
     876:	6a e0       	ldi	r22, 0x0A	; 10
     878:	80 e0       	ldi	r24, 0x00	; 0
     87a:	91 e0       	ldi	r25, 0x01	; 1
     87c:	0e 94 1b 01 	call	0x236	; 0x236 <LCD_SetCursor>
            sprintf(lcd_buf, "L:%4u", current_lux);
     880:	0f 93       	push	r16
     882:	1f 93       	push	r17
     884:	80 ec       	ldi	r24, 0xC0	; 192
     886:	91 e0       	ldi	r25, 0x01	; 1
     888:	9f 93       	push	r25
     88a:	8f 93       	push	r24
     88c:	df 93       	push	r29
     88e:	cf 93       	push	r28
     890:	0e 94 3f 05 	call	0xa7e	; 0xa7e <sprintf>
            LCD_WriteString(&lcd, lcd_buf);
     894:	be 01       	movw	r22, r28
     896:	80 e0       	ldi	r24, 0x00	; 0
     898:	91 e0       	ldi	r25, 0x01	; 1
     89a:	0e 94 08 01 	call	0x210	; 0x210 <LCD_WriteString>
            
            refresh_timer = 0;
     89e:	10 92 c7 01 	sts	0x01C7, r1	; 0x8001c7 <__data_end+0x1>
     8a2:	10 92 c6 01 	sts	0x01C6, r1	; 0x8001c6 <__data_end>
     8a6:	8d b7       	in	r24, 0x3d	; 61
     8a8:	9e b7       	in	r25, 0x3e	; 62
     8aa:	0c 96       	adiw	r24, 0x0c	; 12
     8ac:	0f b6       	in	r0, 0x3f	; 63
     8ae:	f8 94       	cli
     8b0:	9e bf       	out	0x3e, r25	; 62
     8b2:	0f be       	out	0x3f, r0	; 63
     8b4:	8d bf       	out	0x3d, r24	; 61
     8b6:	8f e9       	ldi	r24, 0x9F	; 159
     8b8:	9f e0       	ldi	r25, 0x0F	; 15
     8ba:	01 97       	sbiw	r24, 0x01	; 1
     8bc:	f1 f7       	brne	.-4      	; 0x8ba <main+0xb8>
     8be:	00 c0       	rjmp	.+0      	; 0x8c0 <main+0xbe>
     8c0:	00 00       	nop
     8c2:	a1 cf       	rjmp	.-190    	; 0x806 <main+0x4>

000008c4 <__vector_18>:
		if(id != 0 && id != 0xFF) UART_SendString("Sensor VIVO!\r\n");
		else UART_SendString("Sensor NO RESPONDE\r\n");
	}
}

ISR(USART_RX_vect) {
     8c4:	1f 92       	push	r1
     8c6:	0f 92       	push	r0
     8c8:	0f b6       	in	r0, 0x3f	; 63
     8ca:	0f 92       	push	r0
     8cc:	11 24       	eor	r1, r1
     8ce:	8f 93       	push	r24
     8d0:	9f 93       	push	r25
     8d2:	ef 93       	push	r30
     8d4:	ff 93       	push	r31
    char c = UDR0;
     8d6:	80 91 c6 00 	lds	r24, 0x00C6	; 0x8000c6 <__TEXT_REGION_LENGTH__+0x7f80c6>
    if(c == '\n' || c == '\r') {
     8da:	8a 30       	cpi	r24, 0x0A	; 10
     8dc:	11 f0       	breq	.+4      	; 0x8e2 <__vector_18+0x1e>
     8de:	8d 30       	cpi	r24, 0x0D	; 13
     8e0:	61 f4       	brne	.+24     	; 0x8fa <__vector_18+0x36>
        rx_buffer[rx_index] = '\0';
     8e2:	e0 91 c9 01 	lds	r30, 0x01C9	; 0x8001c9 <rx_index>
     8e6:	f0 e0       	ldi	r31, 0x00	; 0
     8e8:	e5 52       	subi	r30, 0x25	; 37
     8ea:	fe 4f       	sbci	r31, 0xFE	; 254
     8ec:	10 82       	st	Z, r1
        command_ready = 1;
     8ee:	81 e0       	ldi	r24, 0x01	; 1
     8f0:	80 93 c8 01 	sts	0x01C8, r24	; 0x8001c8 <command_ready>
        rx_index = 0;
     8f4:	10 92 c9 01 	sts	0x01C9, r1	; 0x8001c9 <rx_index>
     8f8:	0e c0       	rjmp	.+28     	; 0x916 <__stack+0x17>
    } else if(rx_index < RX_BUFFER_SIZE - 1) {
     8fa:	90 91 c9 01 	lds	r25, 0x01C9	; 0x8001c9 <rx_index>
     8fe:	9f 31       	cpi	r25, 0x1F	; 31
     900:	50 f4       	brcc	.+20     	; 0x916 <__stack+0x17>
        rx_buffer[rx_index++] = c;
     902:	e0 91 c9 01 	lds	r30, 0x01C9	; 0x8001c9 <rx_index>
     906:	91 e0       	ldi	r25, 0x01	; 1
     908:	9e 0f       	add	r25, r30
     90a:	90 93 c9 01 	sts	0x01C9, r25	; 0x8001c9 <rx_index>
     90e:	f0 e0       	ldi	r31, 0x00	; 0
     910:	e5 52       	subi	r30, 0x25	; 37
     912:	fe 4f       	sbci	r31, 0xFE	; 254
     914:	80 83       	st	Z, r24
    }
}
     916:	ff 91       	pop	r31
     918:	ef 91       	pop	r30
     91a:	9f 91       	pop	r25
     91c:	8f 91       	pop	r24
     91e:	0f 90       	pop	r0
     920:	0f be       	out	0x3f, r0	; 63
     922:	0f 90       	pop	r0
     924:	1f 90       	pop	r1
     926:	18 95       	reti

00000928 <UART_Init>:
	}
}

void UART_Init_9600(void)
{
	UART_Init(UART_BAUD_9600_16MHZ, UART_INTERRUPTS_DISABLED);
     928:	cf 93       	push	r28
     92a:	df 93       	push	r29
     92c:	9c 01       	movw	r18, r24
     92e:	9a b1       	in	r25, 0x0a	; 10
     930:	92 60       	ori	r25, 0x02	; 2
     932:	9a b9       	out	0x0a, r25	; 10
     934:	9a b1       	in	r25, 0x0a	; 10
     936:	9e 7f       	andi	r25, 0xFE	; 254
     938:	9a b9       	out	0x0a, r25	; 10
     93a:	e0 ec       	ldi	r30, 0xC0	; 192
     93c:	f0 e0       	ldi	r31, 0x00	; 0
     93e:	10 82       	st	Z, r1
     940:	a1 ec       	ldi	r26, 0xC1	; 193
     942:	b0 e0       	ldi	r27, 0x00	; 0
     944:	1c 92       	st	X, r1
     946:	c2 ec       	ldi	r28, 0xC2	; 194
     948:	d0 e0       	ldi	r29, 0x00	; 0
     94a:	18 82       	st	Y, r1
     94c:	90 81       	ld	r25, Z
     94e:	92 60       	ori	r25, 0x02	; 2
     950:	90 83       	st	Z, r25
     952:	30 93 c5 00 	sts	0x00C5, r19	; 0x8000c5 <__TEXT_REGION_LENGTH__+0x7f80c5>
     956:	20 93 c4 00 	sts	0x00C4, r18	; 0x8000c4 <__TEXT_REGION_LENGTH__+0x7f80c4>
     95a:	86 e0       	ldi	r24, 0x06	; 6
     95c:	88 83       	st	Y, r24
     95e:	88 e1       	ldi	r24, 0x18	; 24
     960:	8c 93       	st	X, r24
     962:	61 30       	cpi	r22, 0x01	; 1
     964:	29 f4       	brne	.+10     	; 0x970 <UART_Init+0x48>
     966:	e1 ec       	ldi	r30, 0xC1	; 193
     968:	f0 e0       	ldi	r31, 0x00	; 0
     96a:	80 81       	ld	r24, Z
     96c:	80 68       	ori	r24, 0x80	; 128
     96e:	80 83       	st	Z, r24
     970:	df 91       	pop	r29
     972:	cf 91       	pop	r28
     974:	08 95       	ret

00000976 <UART_SendChar>:
/* TRANSMISIÓN                                                          */
/************************************************************************/

void UART_SendChar(char c)
{
	while (!(UCSR0A & (1 << UDRE0)));   // Esperar buffer libre
     976:	90 91 c0 00 	lds	r25, 0x00C0	; 0x8000c0 <__TEXT_REGION_LENGTH__+0x7f80c0>
     97a:	95 ff       	sbrs	r25, 5
     97c:	fc cf       	rjmp	.-8      	; 0x976 <UART_SendChar>
	UDR0 = c;
     97e:	80 93 c6 00 	sts	0x00C6, r24	; 0x8000c6 <__TEXT_REGION_LENGTH__+0x7f80c6>
     982:	08 95       	ret

00000984 <UART_SendString>:
}

void UART_SendString(const char* str)
{
     984:	cf 93       	push	r28
     986:	df 93       	push	r29
     988:	ec 01       	movw	r28, r24
	while (*str)
     98a:	03 c0       	rjmp	.+6      	; 0x992 <UART_SendString+0xe>
	{
		UART_SendChar(*str++);
     98c:	21 96       	adiw	r28, 0x01	; 1
     98e:	0e 94 bb 04 	call	0x976	; 0x976 <UART_SendChar>
	UDR0 = c;
}

void UART_SendString(const char* str)
{
	while (*str)
     992:	88 81       	ld	r24, Y
     994:	81 11       	cpse	r24, r1
     996:	fa cf       	rjmp	.-12     	; 0x98c <UART_SendString+0x8>
	{
		UART_SendChar(*str++);
	}
}
     998:	df 91       	pop	r29
     99a:	cf 91       	pop	r28
     99c:	08 95       	ret

0000099e <__divmodhi4>:
     99e:	97 fb       	bst	r25, 7
     9a0:	07 2e       	mov	r0, r23
     9a2:	16 f4       	brtc	.+4      	; 0x9a8 <__divmodhi4+0xa>
     9a4:	00 94       	com	r0
     9a6:	07 d0       	rcall	.+14     	; 0x9b6 <__divmodhi4_neg1>
     9a8:	77 fd       	sbrc	r23, 7
     9aa:	09 d0       	rcall	.+18     	; 0x9be <__divmodhi4_neg2>
     9ac:	0e 94 05 05 	call	0xa0a	; 0xa0a <__udivmodhi4>
     9b0:	07 fc       	sbrc	r0, 7
     9b2:	05 d0       	rcall	.+10     	; 0x9be <__divmodhi4_neg2>
     9b4:	3e f4       	brtc	.+14     	; 0x9c4 <__divmodhi4_exit>

000009b6 <__divmodhi4_neg1>:
     9b6:	90 95       	com	r25
     9b8:	81 95       	neg	r24
     9ba:	9f 4f       	sbci	r25, 0xFF	; 255
     9bc:	08 95       	ret

000009be <__divmodhi4_neg2>:
     9be:	70 95       	com	r23
     9c0:	61 95       	neg	r22
     9c2:	7f 4f       	sbci	r23, 0xFF	; 255

000009c4 <__divmodhi4_exit>:
     9c4:	08 95       	ret

000009c6 <__udivmodsi4>:
     9c6:	a1 e2       	ldi	r26, 0x21	; 33
     9c8:	1a 2e       	mov	r1, r26
     9ca:	aa 1b       	sub	r26, r26
     9cc:	bb 1b       	sub	r27, r27
     9ce:	fd 01       	movw	r30, r26
     9d0:	0d c0       	rjmp	.+26     	; 0x9ec <__udivmodsi4_ep>

000009d2 <__udivmodsi4_loop>:
     9d2:	aa 1f       	adc	r26, r26
     9d4:	bb 1f       	adc	r27, r27
     9d6:	ee 1f       	adc	r30, r30
     9d8:	ff 1f       	adc	r31, r31
     9da:	a2 17       	cp	r26, r18
     9dc:	b3 07       	cpc	r27, r19
     9de:	e4 07       	cpc	r30, r20
     9e0:	f5 07       	cpc	r31, r21
     9e2:	20 f0       	brcs	.+8      	; 0x9ec <__udivmodsi4_ep>
     9e4:	a2 1b       	sub	r26, r18
     9e6:	b3 0b       	sbc	r27, r19
     9e8:	e4 0b       	sbc	r30, r20
     9ea:	f5 0b       	sbc	r31, r21

000009ec <__udivmodsi4_ep>:
     9ec:	66 1f       	adc	r22, r22
     9ee:	77 1f       	adc	r23, r23
     9f0:	88 1f       	adc	r24, r24
     9f2:	99 1f       	adc	r25, r25
     9f4:	1a 94       	dec	r1
     9f6:	69 f7       	brne	.-38     	; 0x9d2 <__udivmodsi4_loop>
     9f8:	60 95       	com	r22
     9fa:	70 95       	com	r23
     9fc:	80 95       	com	r24
     9fe:	90 95       	com	r25
     a00:	9b 01       	movw	r18, r22
     a02:	ac 01       	movw	r20, r24
     a04:	bd 01       	movw	r22, r26
     a06:	cf 01       	movw	r24, r30
     a08:	08 95       	ret

00000a0a <__udivmodhi4>:
     a0a:	aa 1b       	sub	r26, r26
     a0c:	bb 1b       	sub	r27, r27
     a0e:	51 e1       	ldi	r21, 0x11	; 17
     a10:	07 c0       	rjmp	.+14     	; 0xa20 <__udivmodhi4_ep>

00000a12 <__udivmodhi4_loop>:
     a12:	aa 1f       	adc	r26, r26
     a14:	bb 1f       	adc	r27, r27
     a16:	a6 17       	cp	r26, r22
     a18:	b7 07       	cpc	r27, r23
     a1a:	10 f0       	brcs	.+4      	; 0xa20 <__udivmodhi4_ep>
     a1c:	a6 1b       	sub	r26, r22
     a1e:	b7 0b       	sbc	r27, r23

00000a20 <__udivmodhi4_ep>:
     a20:	88 1f       	adc	r24, r24
     a22:	99 1f       	adc	r25, r25
     a24:	5a 95       	dec	r21
     a26:	a9 f7       	brne	.-22     	; 0xa12 <__udivmodhi4_loop>
     a28:	80 95       	com	r24
     a2a:	90 95       	com	r25
     a2c:	bc 01       	movw	r22, r24
     a2e:	cd 01       	movw	r24, r26
     a30:	08 95       	ret

00000a32 <atoi>:
     a32:	fc 01       	movw	r30, r24
     a34:	88 27       	eor	r24, r24
     a36:	99 27       	eor	r25, r25
     a38:	e8 94       	clt
     a3a:	21 91       	ld	r18, Z+
     a3c:	20 32       	cpi	r18, 0x20	; 32
     a3e:	e9 f3       	breq	.-6      	; 0xa3a <atoi+0x8>
     a40:	29 30       	cpi	r18, 0x09	; 9
     a42:	10 f0       	brcs	.+4      	; 0xa48 <atoi+0x16>
     a44:	2e 30       	cpi	r18, 0x0E	; 14
     a46:	c8 f3       	brcs	.-14     	; 0xa3a <atoi+0x8>
     a48:	2b 32       	cpi	r18, 0x2B	; 43
     a4a:	41 f0       	breq	.+16     	; 0xa5c <atoi+0x2a>
     a4c:	2d 32       	cpi	r18, 0x2D	; 45
     a4e:	39 f4       	brne	.+14     	; 0xa5e <atoi+0x2c>
     a50:	68 94       	set
     a52:	04 c0       	rjmp	.+8      	; 0xa5c <atoi+0x2a>
     a54:	0e 94 37 05 	call	0xa6e	; 0xa6e <__mulhi_const_10>
     a58:	82 0f       	add	r24, r18
     a5a:	91 1d       	adc	r25, r1
     a5c:	21 91       	ld	r18, Z+
     a5e:	20 53       	subi	r18, 0x30	; 48
     a60:	2a 30       	cpi	r18, 0x0A	; 10
     a62:	c0 f3       	brcs	.-16     	; 0xa54 <atoi+0x22>
     a64:	1e f4       	brtc	.+6      	; 0xa6c <atoi+0x3a>
     a66:	90 95       	com	r25
     a68:	81 95       	neg	r24
     a6a:	9f 4f       	sbci	r25, 0xFF	; 255
     a6c:	08 95       	ret

00000a6e <__mulhi_const_10>:
     a6e:	7a e0       	ldi	r23, 0x0A	; 10
     a70:	97 9f       	mul	r25, r23
     a72:	90 2d       	mov	r25, r0
     a74:	87 9f       	mul	r24, r23
     a76:	80 2d       	mov	r24, r0
     a78:	91 0d       	add	r25, r1
     a7a:	11 24       	eor	r1, r1
     a7c:	08 95       	ret

00000a7e <sprintf>:
     a7e:	ae e0       	ldi	r26, 0x0E	; 14
     a80:	b0 e0       	ldi	r27, 0x00	; 0
     a82:	e5 e4       	ldi	r30, 0x45	; 69
     a84:	f5 e0       	ldi	r31, 0x05	; 5
     a86:	0c 94 00 08 	jmp	0x1000	; 0x1000 <__prologue_saves__+0x1c>
     a8a:	0d 89       	ldd	r16, Y+21	; 0x15
     a8c:	1e 89       	ldd	r17, Y+22	; 0x16
     a8e:	86 e0       	ldi	r24, 0x06	; 6
     a90:	8c 83       	std	Y+4, r24	; 0x04
     a92:	1a 83       	std	Y+2, r17	; 0x02
     a94:	09 83       	std	Y+1, r16	; 0x01
     a96:	8f ef       	ldi	r24, 0xFF	; 255
     a98:	9f e7       	ldi	r25, 0x7F	; 127
     a9a:	9e 83       	std	Y+6, r25	; 0x06
     a9c:	8d 83       	std	Y+5, r24	; 0x05
     a9e:	ae 01       	movw	r20, r28
     aa0:	47 5e       	subi	r20, 0xE7	; 231
     aa2:	5f 4f       	sbci	r21, 0xFF	; 255
     aa4:	6f 89       	ldd	r22, Y+23	; 0x17
     aa6:	78 8d       	ldd	r23, Y+24	; 0x18
     aa8:	ce 01       	movw	r24, r28
     aaa:	01 96       	adiw	r24, 0x01	; 1
     aac:	0e 94 61 05 	call	0xac2	; 0xac2 <vfprintf>
     ab0:	ef 81       	ldd	r30, Y+7	; 0x07
     ab2:	f8 85       	ldd	r31, Y+8	; 0x08
     ab4:	e0 0f       	add	r30, r16
     ab6:	f1 1f       	adc	r31, r17
     ab8:	10 82       	st	Z, r1
     aba:	2e 96       	adiw	r28, 0x0e	; 14
     abc:	e4 e0       	ldi	r30, 0x04	; 4
     abe:	0c 94 1c 08 	jmp	0x1038	; 0x1038 <__epilogue_restores__+0x1c>

00000ac2 <vfprintf>:
     ac2:	ab e0       	ldi	r26, 0x0B	; 11
     ac4:	b0 e0       	ldi	r27, 0x00	; 0
     ac6:	e7 e6       	ldi	r30, 0x67	; 103
     ac8:	f5 e0       	ldi	r31, 0x05	; 5
     aca:	0c 94 f2 07 	jmp	0xfe4	; 0xfe4 <__prologue_saves__>
     ace:	6c 01       	movw	r12, r24
     ad0:	7b 01       	movw	r14, r22
     ad2:	8a 01       	movw	r16, r20
     ad4:	fc 01       	movw	r30, r24
     ad6:	17 82       	std	Z+7, r1	; 0x07
     ad8:	16 82       	std	Z+6, r1	; 0x06
     ada:	83 81       	ldd	r24, Z+3	; 0x03
     adc:	81 ff       	sbrs	r24, 1
     ade:	cc c1       	rjmp	.+920    	; 0xe78 <vfprintf+0x3b6>
     ae0:	ce 01       	movw	r24, r28
     ae2:	01 96       	adiw	r24, 0x01	; 1
     ae4:	3c 01       	movw	r6, r24
     ae6:	f6 01       	movw	r30, r12
     ae8:	93 81       	ldd	r25, Z+3	; 0x03
     aea:	f7 01       	movw	r30, r14
     aec:	93 fd       	sbrc	r25, 3
     aee:	85 91       	lpm	r24, Z+
     af0:	93 ff       	sbrs	r25, 3
     af2:	81 91       	ld	r24, Z+
     af4:	7f 01       	movw	r14, r30
     af6:	88 23       	and	r24, r24
     af8:	09 f4       	brne	.+2      	; 0xafc <vfprintf+0x3a>
     afa:	ba c1       	rjmp	.+884    	; 0xe70 <vfprintf+0x3ae>
     afc:	85 32       	cpi	r24, 0x25	; 37
     afe:	39 f4       	brne	.+14     	; 0xb0e <vfprintf+0x4c>
     b00:	93 fd       	sbrc	r25, 3
     b02:	85 91       	lpm	r24, Z+
     b04:	93 ff       	sbrs	r25, 3
     b06:	81 91       	ld	r24, Z+
     b08:	7f 01       	movw	r14, r30
     b0a:	85 32       	cpi	r24, 0x25	; 37
     b0c:	29 f4       	brne	.+10     	; 0xb18 <vfprintf+0x56>
     b0e:	b6 01       	movw	r22, r12
     b10:	90 e0       	ldi	r25, 0x00	; 0
     b12:	0e 94 58 07 	call	0xeb0	; 0xeb0 <fputc>
     b16:	e7 cf       	rjmp	.-50     	; 0xae6 <vfprintf+0x24>
     b18:	91 2c       	mov	r9, r1
     b1a:	21 2c       	mov	r2, r1
     b1c:	31 2c       	mov	r3, r1
     b1e:	ff e1       	ldi	r31, 0x1F	; 31
     b20:	f3 15       	cp	r31, r3
     b22:	d8 f0       	brcs	.+54     	; 0xb5a <vfprintf+0x98>
     b24:	8b 32       	cpi	r24, 0x2B	; 43
     b26:	79 f0       	breq	.+30     	; 0xb46 <vfprintf+0x84>
     b28:	38 f4       	brcc	.+14     	; 0xb38 <vfprintf+0x76>
     b2a:	80 32       	cpi	r24, 0x20	; 32
     b2c:	79 f0       	breq	.+30     	; 0xb4c <vfprintf+0x8a>
     b2e:	83 32       	cpi	r24, 0x23	; 35
     b30:	a1 f4       	brne	.+40     	; 0xb5a <vfprintf+0x98>
     b32:	23 2d       	mov	r18, r3
     b34:	20 61       	ori	r18, 0x10	; 16
     b36:	1d c0       	rjmp	.+58     	; 0xb72 <vfprintf+0xb0>
     b38:	8d 32       	cpi	r24, 0x2D	; 45
     b3a:	61 f0       	breq	.+24     	; 0xb54 <vfprintf+0x92>
     b3c:	80 33       	cpi	r24, 0x30	; 48
     b3e:	69 f4       	brne	.+26     	; 0xb5a <vfprintf+0x98>
     b40:	23 2d       	mov	r18, r3
     b42:	21 60       	ori	r18, 0x01	; 1
     b44:	16 c0       	rjmp	.+44     	; 0xb72 <vfprintf+0xb0>
     b46:	83 2d       	mov	r24, r3
     b48:	82 60       	ori	r24, 0x02	; 2
     b4a:	38 2e       	mov	r3, r24
     b4c:	e3 2d       	mov	r30, r3
     b4e:	e4 60       	ori	r30, 0x04	; 4
     b50:	3e 2e       	mov	r3, r30
     b52:	2a c0       	rjmp	.+84     	; 0xba8 <vfprintf+0xe6>
     b54:	f3 2d       	mov	r31, r3
     b56:	f8 60       	ori	r31, 0x08	; 8
     b58:	1d c0       	rjmp	.+58     	; 0xb94 <vfprintf+0xd2>
     b5a:	37 fc       	sbrc	r3, 7
     b5c:	2d c0       	rjmp	.+90     	; 0xbb8 <vfprintf+0xf6>
     b5e:	20 ed       	ldi	r18, 0xD0	; 208
     b60:	28 0f       	add	r18, r24
     b62:	2a 30       	cpi	r18, 0x0A	; 10
     b64:	40 f0       	brcs	.+16     	; 0xb76 <vfprintf+0xb4>
     b66:	8e 32       	cpi	r24, 0x2E	; 46
     b68:	b9 f4       	brne	.+46     	; 0xb98 <vfprintf+0xd6>
     b6a:	36 fc       	sbrc	r3, 6
     b6c:	81 c1       	rjmp	.+770    	; 0xe70 <vfprintf+0x3ae>
     b6e:	23 2d       	mov	r18, r3
     b70:	20 64       	ori	r18, 0x40	; 64
     b72:	32 2e       	mov	r3, r18
     b74:	19 c0       	rjmp	.+50     	; 0xba8 <vfprintf+0xe6>
     b76:	36 fe       	sbrs	r3, 6
     b78:	06 c0       	rjmp	.+12     	; 0xb86 <vfprintf+0xc4>
     b7a:	8a e0       	ldi	r24, 0x0A	; 10
     b7c:	98 9e       	mul	r9, r24
     b7e:	20 0d       	add	r18, r0
     b80:	11 24       	eor	r1, r1
     b82:	92 2e       	mov	r9, r18
     b84:	11 c0       	rjmp	.+34     	; 0xba8 <vfprintf+0xe6>
     b86:	ea e0       	ldi	r30, 0x0A	; 10
     b88:	2e 9e       	mul	r2, r30
     b8a:	20 0d       	add	r18, r0
     b8c:	11 24       	eor	r1, r1
     b8e:	22 2e       	mov	r2, r18
     b90:	f3 2d       	mov	r31, r3
     b92:	f0 62       	ori	r31, 0x20	; 32
     b94:	3f 2e       	mov	r3, r31
     b96:	08 c0       	rjmp	.+16     	; 0xba8 <vfprintf+0xe6>
     b98:	8c 36       	cpi	r24, 0x6C	; 108
     b9a:	21 f4       	brne	.+8      	; 0xba4 <vfprintf+0xe2>
     b9c:	83 2d       	mov	r24, r3
     b9e:	80 68       	ori	r24, 0x80	; 128
     ba0:	38 2e       	mov	r3, r24
     ba2:	02 c0       	rjmp	.+4      	; 0xba8 <vfprintf+0xe6>
     ba4:	88 36       	cpi	r24, 0x68	; 104
     ba6:	41 f4       	brne	.+16     	; 0xbb8 <vfprintf+0xf6>
     ba8:	f7 01       	movw	r30, r14
     baa:	93 fd       	sbrc	r25, 3
     bac:	85 91       	lpm	r24, Z+
     bae:	93 ff       	sbrs	r25, 3
     bb0:	81 91       	ld	r24, Z+
     bb2:	7f 01       	movw	r14, r30
     bb4:	81 11       	cpse	r24, r1
     bb6:	b3 cf       	rjmp	.-154    	; 0xb1e <vfprintf+0x5c>
     bb8:	98 2f       	mov	r25, r24
     bba:	9f 7d       	andi	r25, 0xDF	; 223
     bbc:	95 54       	subi	r25, 0x45	; 69
     bbe:	93 30       	cpi	r25, 0x03	; 3
     bc0:	28 f4       	brcc	.+10     	; 0xbcc <vfprintf+0x10a>
     bc2:	0c 5f       	subi	r16, 0xFC	; 252
     bc4:	1f 4f       	sbci	r17, 0xFF	; 255
     bc6:	9f e3       	ldi	r25, 0x3F	; 63
     bc8:	99 83       	std	Y+1, r25	; 0x01
     bca:	0d c0       	rjmp	.+26     	; 0xbe6 <vfprintf+0x124>
     bcc:	83 36       	cpi	r24, 0x63	; 99
     bce:	31 f0       	breq	.+12     	; 0xbdc <vfprintf+0x11a>
     bd0:	83 37       	cpi	r24, 0x73	; 115
     bd2:	71 f0       	breq	.+28     	; 0xbf0 <vfprintf+0x12e>
     bd4:	83 35       	cpi	r24, 0x53	; 83
     bd6:	09 f0       	breq	.+2      	; 0xbda <vfprintf+0x118>
     bd8:	59 c0       	rjmp	.+178    	; 0xc8c <vfprintf+0x1ca>
     bda:	21 c0       	rjmp	.+66     	; 0xc1e <vfprintf+0x15c>
     bdc:	f8 01       	movw	r30, r16
     bde:	80 81       	ld	r24, Z
     be0:	89 83       	std	Y+1, r24	; 0x01
     be2:	0e 5f       	subi	r16, 0xFE	; 254
     be4:	1f 4f       	sbci	r17, 0xFF	; 255
     be6:	88 24       	eor	r8, r8
     be8:	83 94       	inc	r8
     bea:	91 2c       	mov	r9, r1
     bec:	53 01       	movw	r10, r6
     bee:	13 c0       	rjmp	.+38     	; 0xc16 <vfprintf+0x154>
     bf0:	28 01       	movw	r4, r16
     bf2:	f2 e0       	ldi	r31, 0x02	; 2
     bf4:	4f 0e       	add	r4, r31
     bf6:	51 1c       	adc	r5, r1
     bf8:	f8 01       	movw	r30, r16
     bfa:	a0 80       	ld	r10, Z
     bfc:	b1 80       	ldd	r11, Z+1	; 0x01
     bfe:	36 fe       	sbrs	r3, 6
     c00:	03 c0       	rjmp	.+6      	; 0xc08 <vfprintf+0x146>
     c02:	69 2d       	mov	r22, r9
     c04:	70 e0       	ldi	r23, 0x00	; 0
     c06:	02 c0       	rjmp	.+4      	; 0xc0c <vfprintf+0x14a>
     c08:	6f ef       	ldi	r22, 0xFF	; 255
     c0a:	7f ef       	ldi	r23, 0xFF	; 255
     c0c:	c5 01       	movw	r24, r10
     c0e:	0e 94 4d 07 	call	0xe9a	; 0xe9a <strnlen>
     c12:	4c 01       	movw	r8, r24
     c14:	82 01       	movw	r16, r4
     c16:	f3 2d       	mov	r31, r3
     c18:	ff 77       	andi	r31, 0x7F	; 127
     c1a:	3f 2e       	mov	r3, r31
     c1c:	16 c0       	rjmp	.+44     	; 0xc4a <vfprintf+0x188>
     c1e:	28 01       	movw	r4, r16
     c20:	22 e0       	ldi	r18, 0x02	; 2
     c22:	42 0e       	add	r4, r18
     c24:	51 1c       	adc	r5, r1
     c26:	f8 01       	movw	r30, r16
     c28:	a0 80       	ld	r10, Z
     c2a:	b1 80       	ldd	r11, Z+1	; 0x01
     c2c:	36 fe       	sbrs	r3, 6
     c2e:	03 c0       	rjmp	.+6      	; 0xc36 <vfprintf+0x174>
     c30:	69 2d       	mov	r22, r9
     c32:	70 e0       	ldi	r23, 0x00	; 0
     c34:	02 c0       	rjmp	.+4      	; 0xc3a <vfprintf+0x178>
     c36:	6f ef       	ldi	r22, 0xFF	; 255
     c38:	7f ef       	ldi	r23, 0xFF	; 255
     c3a:	c5 01       	movw	r24, r10
     c3c:	0e 94 42 07 	call	0xe84	; 0xe84 <strnlen_P>
     c40:	4c 01       	movw	r8, r24
     c42:	f3 2d       	mov	r31, r3
     c44:	f0 68       	ori	r31, 0x80	; 128
     c46:	3f 2e       	mov	r3, r31
     c48:	82 01       	movw	r16, r4
     c4a:	33 fc       	sbrc	r3, 3
     c4c:	1b c0       	rjmp	.+54     	; 0xc84 <vfprintf+0x1c2>
     c4e:	82 2d       	mov	r24, r2
     c50:	90 e0       	ldi	r25, 0x00	; 0
     c52:	88 16       	cp	r8, r24
     c54:	99 06       	cpc	r9, r25
     c56:	b0 f4       	brcc	.+44     	; 0xc84 <vfprintf+0x1c2>
     c58:	b6 01       	movw	r22, r12
     c5a:	80 e2       	ldi	r24, 0x20	; 32
     c5c:	90 e0       	ldi	r25, 0x00	; 0
     c5e:	0e 94 58 07 	call	0xeb0	; 0xeb0 <fputc>
     c62:	2a 94       	dec	r2
     c64:	f4 cf       	rjmp	.-24     	; 0xc4e <vfprintf+0x18c>
     c66:	f5 01       	movw	r30, r10
     c68:	37 fc       	sbrc	r3, 7
     c6a:	85 91       	lpm	r24, Z+
     c6c:	37 fe       	sbrs	r3, 7
     c6e:	81 91       	ld	r24, Z+
     c70:	5f 01       	movw	r10, r30
     c72:	b6 01       	movw	r22, r12
     c74:	90 e0       	ldi	r25, 0x00	; 0
     c76:	0e 94 58 07 	call	0xeb0	; 0xeb0 <fputc>
     c7a:	21 10       	cpse	r2, r1
     c7c:	2a 94       	dec	r2
     c7e:	21 e0       	ldi	r18, 0x01	; 1
     c80:	82 1a       	sub	r8, r18
     c82:	91 08       	sbc	r9, r1
     c84:	81 14       	cp	r8, r1
     c86:	91 04       	cpc	r9, r1
     c88:	71 f7       	brne	.-36     	; 0xc66 <vfprintf+0x1a4>
     c8a:	e8 c0       	rjmp	.+464    	; 0xe5c <vfprintf+0x39a>
     c8c:	84 36       	cpi	r24, 0x64	; 100
     c8e:	11 f0       	breq	.+4      	; 0xc94 <vfprintf+0x1d2>
     c90:	89 36       	cpi	r24, 0x69	; 105
     c92:	41 f5       	brne	.+80     	; 0xce4 <vfprintf+0x222>
     c94:	f8 01       	movw	r30, r16
     c96:	37 fe       	sbrs	r3, 7
     c98:	07 c0       	rjmp	.+14     	; 0xca8 <vfprintf+0x1e6>
     c9a:	60 81       	ld	r22, Z
     c9c:	71 81       	ldd	r23, Z+1	; 0x01
     c9e:	82 81       	ldd	r24, Z+2	; 0x02
     ca0:	93 81       	ldd	r25, Z+3	; 0x03
     ca2:	0c 5f       	subi	r16, 0xFC	; 252
     ca4:	1f 4f       	sbci	r17, 0xFF	; 255
     ca6:	08 c0       	rjmp	.+16     	; 0xcb8 <vfprintf+0x1f6>
     ca8:	60 81       	ld	r22, Z
     caa:	71 81       	ldd	r23, Z+1	; 0x01
     cac:	07 2e       	mov	r0, r23
     cae:	00 0c       	add	r0, r0
     cb0:	88 0b       	sbc	r24, r24
     cb2:	99 0b       	sbc	r25, r25
     cb4:	0e 5f       	subi	r16, 0xFE	; 254
     cb6:	1f 4f       	sbci	r17, 0xFF	; 255
     cb8:	f3 2d       	mov	r31, r3
     cba:	ff 76       	andi	r31, 0x6F	; 111
     cbc:	3f 2e       	mov	r3, r31
     cbe:	97 ff       	sbrs	r25, 7
     cc0:	09 c0       	rjmp	.+18     	; 0xcd4 <vfprintf+0x212>
     cc2:	90 95       	com	r25
     cc4:	80 95       	com	r24
     cc6:	70 95       	com	r23
     cc8:	61 95       	neg	r22
     cca:	7f 4f       	sbci	r23, 0xFF	; 255
     ccc:	8f 4f       	sbci	r24, 0xFF	; 255
     cce:	9f 4f       	sbci	r25, 0xFF	; 255
     cd0:	f0 68       	ori	r31, 0x80	; 128
     cd2:	3f 2e       	mov	r3, r31
     cd4:	2a e0       	ldi	r18, 0x0A	; 10
     cd6:	30 e0       	ldi	r19, 0x00	; 0
     cd8:	a3 01       	movw	r20, r6
     cda:	0e 94 94 07 	call	0xf28	; 0xf28 <__ultoa_invert>
     cde:	88 2e       	mov	r8, r24
     ce0:	86 18       	sub	r8, r6
     ce2:	45 c0       	rjmp	.+138    	; 0xd6e <vfprintf+0x2ac>
     ce4:	85 37       	cpi	r24, 0x75	; 117
     ce6:	31 f4       	brne	.+12     	; 0xcf4 <vfprintf+0x232>
     ce8:	23 2d       	mov	r18, r3
     cea:	2f 7e       	andi	r18, 0xEF	; 239
     cec:	b2 2e       	mov	r11, r18
     cee:	2a e0       	ldi	r18, 0x0A	; 10
     cf0:	30 e0       	ldi	r19, 0x00	; 0
     cf2:	25 c0       	rjmp	.+74     	; 0xd3e <vfprintf+0x27c>
     cf4:	93 2d       	mov	r25, r3
     cf6:	99 7f       	andi	r25, 0xF9	; 249
     cf8:	b9 2e       	mov	r11, r25
     cfa:	8f 36       	cpi	r24, 0x6F	; 111
     cfc:	c1 f0       	breq	.+48     	; 0xd2e <vfprintf+0x26c>
     cfe:	18 f4       	brcc	.+6      	; 0xd06 <vfprintf+0x244>
     d00:	88 35       	cpi	r24, 0x58	; 88
     d02:	79 f0       	breq	.+30     	; 0xd22 <vfprintf+0x260>
     d04:	b5 c0       	rjmp	.+362    	; 0xe70 <vfprintf+0x3ae>
     d06:	80 37       	cpi	r24, 0x70	; 112
     d08:	19 f0       	breq	.+6      	; 0xd10 <vfprintf+0x24e>
     d0a:	88 37       	cpi	r24, 0x78	; 120
     d0c:	21 f0       	breq	.+8      	; 0xd16 <vfprintf+0x254>
     d0e:	b0 c0       	rjmp	.+352    	; 0xe70 <vfprintf+0x3ae>
     d10:	e9 2f       	mov	r30, r25
     d12:	e0 61       	ori	r30, 0x10	; 16
     d14:	be 2e       	mov	r11, r30
     d16:	b4 fe       	sbrs	r11, 4
     d18:	0d c0       	rjmp	.+26     	; 0xd34 <vfprintf+0x272>
     d1a:	fb 2d       	mov	r31, r11
     d1c:	f4 60       	ori	r31, 0x04	; 4
     d1e:	bf 2e       	mov	r11, r31
     d20:	09 c0       	rjmp	.+18     	; 0xd34 <vfprintf+0x272>
     d22:	34 fe       	sbrs	r3, 4
     d24:	0a c0       	rjmp	.+20     	; 0xd3a <vfprintf+0x278>
     d26:	29 2f       	mov	r18, r25
     d28:	26 60       	ori	r18, 0x06	; 6
     d2a:	b2 2e       	mov	r11, r18
     d2c:	06 c0       	rjmp	.+12     	; 0xd3a <vfprintf+0x278>
     d2e:	28 e0       	ldi	r18, 0x08	; 8
     d30:	30 e0       	ldi	r19, 0x00	; 0
     d32:	05 c0       	rjmp	.+10     	; 0xd3e <vfprintf+0x27c>
     d34:	20 e1       	ldi	r18, 0x10	; 16
     d36:	30 e0       	ldi	r19, 0x00	; 0
     d38:	02 c0       	rjmp	.+4      	; 0xd3e <vfprintf+0x27c>
     d3a:	20 e1       	ldi	r18, 0x10	; 16
     d3c:	32 e0       	ldi	r19, 0x02	; 2
     d3e:	f8 01       	movw	r30, r16
     d40:	b7 fe       	sbrs	r11, 7
     d42:	07 c0       	rjmp	.+14     	; 0xd52 <vfprintf+0x290>
     d44:	60 81       	ld	r22, Z
     d46:	71 81       	ldd	r23, Z+1	; 0x01
     d48:	82 81       	ldd	r24, Z+2	; 0x02
     d4a:	93 81       	ldd	r25, Z+3	; 0x03
     d4c:	0c 5f       	subi	r16, 0xFC	; 252
     d4e:	1f 4f       	sbci	r17, 0xFF	; 255
     d50:	06 c0       	rjmp	.+12     	; 0xd5e <vfprintf+0x29c>
     d52:	60 81       	ld	r22, Z
     d54:	71 81       	ldd	r23, Z+1	; 0x01
     d56:	80 e0       	ldi	r24, 0x00	; 0
     d58:	90 e0       	ldi	r25, 0x00	; 0
     d5a:	0e 5f       	subi	r16, 0xFE	; 254
     d5c:	1f 4f       	sbci	r17, 0xFF	; 255
     d5e:	a3 01       	movw	r20, r6
     d60:	0e 94 94 07 	call	0xf28	; 0xf28 <__ultoa_invert>
     d64:	88 2e       	mov	r8, r24
     d66:	86 18       	sub	r8, r6
     d68:	fb 2d       	mov	r31, r11
     d6a:	ff 77       	andi	r31, 0x7F	; 127
     d6c:	3f 2e       	mov	r3, r31
     d6e:	36 fe       	sbrs	r3, 6
     d70:	0d c0       	rjmp	.+26     	; 0xd8c <vfprintf+0x2ca>
     d72:	23 2d       	mov	r18, r3
     d74:	2e 7f       	andi	r18, 0xFE	; 254
     d76:	a2 2e       	mov	r10, r18
     d78:	89 14       	cp	r8, r9
     d7a:	58 f4       	brcc	.+22     	; 0xd92 <vfprintf+0x2d0>
     d7c:	34 fe       	sbrs	r3, 4
     d7e:	0b c0       	rjmp	.+22     	; 0xd96 <vfprintf+0x2d4>
     d80:	32 fc       	sbrc	r3, 2
     d82:	09 c0       	rjmp	.+18     	; 0xd96 <vfprintf+0x2d4>
     d84:	83 2d       	mov	r24, r3
     d86:	8e 7e       	andi	r24, 0xEE	; 238
     d88:	a8 2e       	mov	r10, r24
     d8a:	05 c0       	rjmp	.+10     	; 0xd96 <vfprintf+0x2d4>
     d8c:	b8 2c       	mov	r11, r8
     d8e:	a3 2c       	mov	r10, r3
     d90:	03 c0       	rjmp	.+6      	; 0xd98 <vfprintf+0x2d6>
     d92:	b8 2c       	mov	r11, r8
     d94:	01 c0       	rjmp	.+2      	; 0xd98 <vfprintf+0x2d6>
     d96:	b9 2c       	mov	r11, r9
     d98:	a4 fe       	sbrs	r10, 4
     d9a:	0f c0       	rjmp	.+30     	; 0xdba <vfprintf+0x2f8>
     d9c:	fe 01       	movw	r30, r28
     d9e:	e8 0d       	add	r30, r8
     da0:	f1 1d       	adc	r31, r1
     da2:	80 81       	ld	r24, Z
     da4:	80 33       	cpi	r24, 0x30	; 48
     da6:	21 f4       	brne	.+8      	; 0xdb0 <vfprintf+0x2ee>
     da8:	9a 2d       	mov	r25, r10
     daa:	99 7e       	andi	r25, 0xE9	; 233
     dac:	a9 2e       	mov	r10, r25
     dae:	09 c0       	rjmp	.+18     	; 0xdc2 <vfprintf+0x300>
     db0:	a2 fe       	sbrs	r10, 2
     db2:	06 c0       	rjmp	.+12     	; 0xdc0 <vfprintf+0x2fe>
     db4:	b3 94       	inc	r11
     db6:	b3 94       	inc	r11
     db8:	04 c0       	rjmp	.+8      	; 0xdc2 <vfprintf+0x300>
     dba:	8a 2d       	mov	r24, r10
     dbc:	86 78       	andi	r24, 0x86	; 134
     dbe:	09 f0       	breq	.+2      	; 0xdc2 <vfprintf+0x300>
     dc0:	b3 94       	inc	r11
     dc2:	a3 fc       	sbrc	r10, 3
     dc4:	11 c0       	rjmp	.+34     	; 0xde8 <vfprintf+0x326>
     dc6:	a0 fe       	sbrs	r10, 0
     dc8:	06 c0       	rjmp	.+12     	; 0xdd6 <vfprintf+0x314>
     dca:	b2 14       	cp	r11, r2
     dcc:	88 f4       	brcc	.+34     	; 0xdf0 <vfprintf+0x32e>
     dce:	28 0c       	add	r2, r8
     dd0:	92 2c       	mov	r9, r2
     dd2:	9b 18       	sub	r9, r11
     dd4:	0e c0       	rjmp	.+28     	; 0xdf2 <vfprintf+0x330>
     dd6:	b2 14       	cp	r11, r2
     dd8:	60 f4       	brcc	.+24     	; 0xdf2 <vfprintf+0x330>
     dda:	b6 01       	movw	r22, r12
     ddc:	80 e2       	ldi	r24, 0x20	; 32
     dde:	90 e0       	ldi	r25, 0x00	; 0
     de0:	0e 94 58 07 	call	0xeb0	; 0xeb0 <fputc>
     de4:	b3 94       	inc	r11
     de6:	f7 cf       	rjmp	.-18     	; 0xdd6 <vfprintf+0x314>
     de8:	b2 14       	cp	r11, r2
     dea:	18 f4       	brcc	.+6      	; 0xdf2 <vfprintf+0x330>
     dec:	2b 18       	sub	r2, r11
     dee:	02 c0       	rjmp	.+4      	; 0xdf4 <vfprintf+0x332>
     df0:	98 2c       	mov	r9, r8
     df2:	21 2c       	mov	r2, r1
     df4:	a4 fe       	sbrs	r10, 4
     df6:	10 c0       	rjmp	.+32     	; 0xe18 <vfprintf+0x356>
     df8:	b6 01       	movw	r22, r12
     dfa:	80 e3       	ldi	r24, 0x30	; 48
     dfc:	90 e0       	ldi	r25, 0x00	; 0
     dfe:	0e 94 58 07 	call	0xeb0	; 0xeb0 <fputc>
     e02:	a2 fe       	sbrs	r10, 2
     e04:	17 c0       	rjmp	.+46     	; 0xe34 <vfprintf+0x372>
     e06:	a1 fc       	sbrc	r10, 1
     e08:	03 c0       	rjmp	.+6      	; 0xe10 <vfprintf+0x34e>
     e0a:	88 e7       	ldi	r24, 0x78	; 120
     e0c:	90 e0       	ldi	r25, 0x00	; 0
     e0e:	02 c0       	rjmp	.+4      	; 0xe14 <vfprintf+0x352>
     e10:	88 e5       	ldi	r24, 0x58	; 88
     e12:	90 e0       	ldi	r25, 0x00	; 0
     e14:	b6 01       	movw	r22, r12
     e16:	0c c0       	rjmp	.+24     	; 0xe30 <vfprintf+0x36e>
     e18:	8a 2d       	mov	r24, r10
     e1a:	86 78       	andi	r24, 0x86	; 134
     e1c:	59 f0       	breq	.+22     	; 0xe34 <vfprintf+0x372>
     e1e:	a1 fe       	sbrs	r10, 1
     e20:	02 c0       	rjmp	.+4      	; 0xe26 <vfprintf+0x364>
     e22:	8b e2       	ldi	r24, 0x2B	; 43
     e24:	01 c0       	rjmp	.+2      	; 0xe28 <vfprintf+0x366>
     e26:	80 e2       	ldi	r24, 0x20	; 32
     e28:	a7 fc       	sbrc	r10, 7
     e2a:	8d e2       	ldi	r24, 0x2D	; 45
     e2c:	b6 01       	movw	r22, r12
     e2e:	90 e0       	ldi	r25, 0x00	; 0
     e30:	0e 94 58 07 	call	0xeb0	; 0xeb0 <fputc>
     e34:	89 14       	cp	r8, r9
     e36:	38 f4       	brcc	.+14     	; 0xe46 <vfprintf+0x384>
     e38:	b6 01       	movw	r22, r12
     e3a:	80 e3       	ldi	r24, 0x30	; 48
     e3c:	90 e0       	ldi	r25, 0x00	; 0
     e3e:	0e 94 58 07 	call	0xeb0	; 0xeb0 <fputc>
     e42:	9a 94       	dec	r9
     e44:	f7 cf       	rjmp	.-18     	; 0xe34 <vfprintf+0x372>
     e46:	8a 94       	dec	r8
     e48:	f3 01       	movw	r30, r6
     e4a:	e8 0d       	add	r30, r8
     e4c:	f1 1d       	adc	r31, r1
     e4e:	80 81       	ld	r24, Z
     e50:	b6 01       	movw	r22, r12
     e52:	90 e0       	ldi	r25, 0x00	; 0
     e54:	0e 94 58 07 	call	0xeb0	; 0xeb0 <fputc>
     e58:	81 10       	cpse	r8, r1
     e5a:	f5 cf       	rjmp	.-22     	; 0xe46 <vfprintf+0x384>
     e5c:	22 20       	and	r2, r2
     e5e:	09 f4       	brne	.+2      	; 0xe62 <vfprintf+0x3a0>
     e60:	42 ce       	rjmp	.-892    	; 0xae6 <vfprintf+0x24>
     e62:	b6 01       	movw	r22, r12
     e64:	80 e2       	ldi	r24, 0x20	; 32
     e66:	90 e0       	ldi	r25, 0x00	; 0
     e68:	0e 94 58 07 	call	0xeb0	; 0xeb0 <fputc>
     e6c:	2a 94       	dec	r2
     e6e:	f6 cf       	rjmp	.-20     	; 0xe5c <vfprintf+0x39a>
     e70:	f6 01       	movw	r30, r12
     e72:	86 81       	ldd	r24, Z+6	; 0x06
     e74:	97 81       	ldd	r25, Z+7	; 0x07
     e76:	02 c0       	rjmp	.+4      	; 0xe7c <vfprintf+0x3ba>
     e78:	8f ef       	ldi	r24, 0xFF	; 255
     e7a:	9f ef       	ldi	r25, 0xFF	; 255
     e7c:	2b 96       	adiw	r28, 0x0b	; 11
     e7e:	e2 e1       	ldi	r30, 0x12	; 18
     e80:	0c 94 0e 08 	jmp	0x101c	; 0x101c <__epilogue_restores__>

00000e84 <strnlen_P>:
     e84:	fc 01       	movw	r30, r24
     e86:	05 90       	lpm	r0, Z+
     e88:	61 50       	subi	r22, 0x01	; 1
     e8a:	70 40       	sbci	r23, 0x00	; 0
     e8c:	01 10       	cpse	r0, r1
     e8e:	d8 f7       	brcc	.-10     	; 0xe86 <strnlen_P+0x2>
     e90:	80 95       	com	r24
     e92:	90 95       	com	r25
     e94:	8e 0f       	add	r24, r30
     e96:	9f 1f       	adc	r25, r31
     e98:	08 95       	ret

00000e9a <strnlen>:
     e9a:	fc 01       	movw	r30, r24
     e9c:	61 50       	subi	r22, 0x01	; 1
     e9e:	70 40       	sbci	r23, 0x00	; 0
     ea0:	01 90       	ld	r0, Z+
     ea2:	01 10       	cpse	r0, r1
     ea4:	d8 f7       	brcc	.-10     	; 0xe9c <strnlen+0x2>
     ea6:	80 95       	com	r24
     ea8:	90 95       	com	r25
     eaa:	8e 0f       	add	r24, r30
     eac:	9f 1f       	adc	r25, r31
     eae:	08 95       	ret

00000eb0 <fputc>:
     eb0:	0f 93       	push	r16
     eb2:	1f 93       	push	r17
     eb4:	cf 93       	push	r28
     eb6:	df 93       	push	r29
     eb8:	fb 01       	movw	r30, r22
     eba:	23 81       	ldd	r18, Z+3	; 0x03
     ebc:	21 fd       	sbrc	r18, 1
     ebe:	03 c0       	rjmp	.+6      	; 0xec6 <fputc+0x16>
     ec0:	8f ef       	ldi	r24, 0xFF	; 255
     ec2:	9f ef       	ldi	r25, 0xFF	; 255
     ec4:	2c c0       	rjmp	.+88     	; 0xf1e <fputc+0x6e>
     ec6:	22 ff       	sbrs	r18, 2
     ec8:	16 c0       	rjmp	.+44     	; 0xef6 <fputc+0x46>
     eca:	46 81       	ldd	r20, Z+6	; 0x06
     ecc:	57 81       	ldd	r21, Z+7	; 0x07
     ece:	24 81       	ldd	r18, Z+4	; 0x04
     ed0:	35 81       	ldd	r19, Z+5	; 0x05
     ed2:	42 17       	cp	r20, r18
     ed4:	53 07       	cpc	r21, r19
     ed6:	44 f4       	brge	.+16     	; 0xee8 <fputc+0x38>
     ed8:	a0 81       	ld	r26, Z
     eda:	b1 81       	ldd	r27, Z+1	; 0x01
     edc:	9d 01       	movw	r18, r26
     ede:	2f 5f       	subi	r18, 0xFF	; 255
     ee0:	3f 4f       	sbci	r19, 0xFF	; 255
     ee2:	31 83       	std	Z+1, r19	; 0x01
     ee4:	20 83       	st	Z, r18
     ee6:	8c 93       	st	X, r24
     ee8:	26 81       	ldd	r18, Z+6	; 0x06
     eea:	37 81       	ldd	r19, Z+7	; 0x07
     eec:	2f 5f       	subi	r18, 0xFF	; 255
     eee:	3f 4f       	sbci	r19, 0xFF	; 255
     ef0:	37 83       	std	Z+7, r19	; 0x07
     ef2:	26 83       	std	Z+6, r18	; 0x06
     ef4:	14 c0       	rjmp	.+40     	; 0xf1e <fputc+0x6e>
     ef6:	8b 01       	movw	r16, r22
     ef8:	ec 01       	movw	r28, r24
     efa:	fb 01       	movw	r30, r22
     efc:	00 84       	ldd	r0, Z+8	; 0x08
     efe:	f1 85       	ldd	r31, Z+9	; 0x09
     f00:	e0 2d       	mov	r30, r0
     f02:	09 95       	icall
     f04:	89 2b       	or	r24, r25
     f06:	e1 f6       	brne	.-72     	; 0xec0 <fputc+0x10>
     f08:	d8 01       	movw	r26, r16
     f0a:	16 96       	adiw	r26, 0x06	; 6
     f0c:	8d 91       	ld	r24, X+
     f0e:	9c 91       	ld	r25, X
     f10:	17 97       	sbiw	r26, 0x07	; 7
     f12:	01 96       	adiw	r24, 0x01	; 1
     f14:	17 96       	adiw	r26, 0x07	; 7
     f16:	9c 93       	st	X, r25
     f18:	8e 93       	st	-X, r24
     f1a:	16 97       	sbiw	r26, 0x06	; 6
     f1c:	ce 01       	movw	r24, r28
     f1e:	df 91       	pop	r29
     f20:	cf 91       	pop	r28
     f22:	1f 91       	pop	r17
     f24:	0f 91       	pop	r16
     f26:	08 95       	ret

00000f28 <__ultoa_invert>:
     f28:	fa 01       	movw	r30, r20
     f2a:	aa 27       	eor	r26, r26
     f2c:	28 30       	cpi	r18, 0x08	; 8
     f2e:	51 f1       	breq	.+84     	; 0xf84 <__ultoa_invert+0x5c>
     f30:	20 31       	cpi	r18, 0x10	; 16
     f32:	81 f1       	breq	.+96     	; 0xf94 <__ultoa_invert+0x6c>
     f34:	e8 94       	clt
     f36:	6f 93       	push	r22
     f38:	6e 7f       	andi	r22, 0xFE	; 254
     f3a:	6e 5f       	subi	r22, 0xFE	; 254
     f3c:	7f 4f       	sbci	r23, 0xFF	; 255
     f3e:	8f 4f       	sbci	r24, 0xFF	; 255
     f40:	9f 4f       	sbci	r25, 0xFF	; 255
     f42:	af 4f       	sbci	r26, 0xFF	; 255
     f44:	b1 e0       	ldi	r27, 0x01	; 1
     f46:	3e d0       	rcall	.+124    	; 0xfc4 <__ultoa_invert+0x9c>
     f48:	b4 e0       	ldi	r27, 0x04	; 4
     f4a:	3c d0       	rcall	.+120    	; 0xfc4 <__ultoa_invert+0x9c>
     f4c:	67 0f       	add	r22, r23
     f4e:	78 1f       	adc	r23, r24
     f50:	89 1f       	adc	r24, r25
     f52:	9a 1f       	adc	r25, r26
     f54:	a1 1d       	adc	r26, r1
     f56:	68 0f       	add	r22, r24
     f58:	79 1f       	adc	r23, r25
     f5a:	8a 1f       	adc	r24, r26
     f5c:	91 1d       	adc	r25, r1
     f5e:	a1 1d       	adc	r26, r1
     f60:	6a 0f       	add	r22, r26
     f62:	71 1d       	adc	r23, r1
     f64:	81 1d       	adc	r24, r1
     f66:	91 1d       	adc	r25, r1
     f68:	a1 1d       	adc	r26, r1
     f6a:	20 d0       	rcall	.+64     	; 0xfac <__ultoa_invert+0x84>
     f6c:	09 f4       	brne	.+2      	; 0xf70 <__ultoa_invert+0x48>
     f6e:	68 94       	set
     f70:	3f 91       	pop	r19
     f72:	2a e0       	ldi	r18, 0x0A	; 10
     f74:	26 9f       	mul	r18, r22
     f76:	11 24       	eor	r1, r1
     f78:	30 19       	sub	r19, r0
     f7a:	30 5d       	subi	r19, 0xD0	; 208
     f7c:	31 93       	st	Z+, r19
     f7e:	de f6       	brtc	.-74     	; 0xf36 <__ultoa_invert+0xe>
     f80:	cf 01       	movw	r24, r30
     f82:	08 95       	ret
     f84:	46 2f       	mov	r20, r22
     f86:	47 70       	andi	r20, 0x07	; 7
     f88:	40 5d       	subi	r20, 0xD0	; 208
     f8a:	41 93       	st	Z+, r20
     f8c:	b3 e0       	ldi	r27, 0x03	; 3
     f8e:	0f d0       	rcall	.+30     	; 0xfae <__ultoa_invert+0x86>
     f90:	c9 f7       	brne	.-14     	; 0xf84 <__ultoa_invert+0x5c>
     f92:	f6 cf       	rjmp	.-20     	; 0xf80 <__ultoa_invert+0x58>
     f94:	46 2f       	mov	r20, r22
     f96:	4f 70       	andi	r20, 0x0F	; 15
     f98:	40 5d       	subi	r20, 0xD0	; 208
     f9a:	4a 33       	cpi	r20, 0x3A	; 58
     f9c:	18 f0       	brcs	.+6      	; 0xfa4 <__ultoa_invert+0x7c>
     f9e:	49 5d       	subi	r20, 0xD9	; 217
     fa0:	31 fd       	sbrc	r19, 1
     fa2:	40 52       	subi	r20, 0x20	; 32
     fa4:	41 93       	st	Z+, r20
     fa6:	02 d0       	rcall	.+4      	; 0xfac <__ultoa_invert+0x84>
     fa8:	a9 f7       	brne	.-22     	; 0xf94 <__ultoa_invert+0x6c>
     faa:	ea cf       	rjmp	.-44     	; 0xf80 <__ultoa_invert+0x58>
     fac:	b4 e0       	ldi	r27, 0x04	; 4
     fae:	a6 95       	lsr	r26
     fb0:	97 95       	ror	r25
     fb2:	87 95       	ror	r24
     fb4:	77 95       	ror	r23
     fb6:	67 95       	ror	r22
     fb8:	ba 95       	dec	r27
     fba:	c9 f7       	brne	.-14     	; 0xfae <__ultoa_invert+0x86>
     fbc:	00 97       	sbiw	r24, 0x00	; 0
     fbe:	61 05       	cpc	r22, r1
     fc0:	71 05       	cpc	r23, r1
     fc2:	08 95       	ret
     fc4:	9b 01       	movw	r18, r22
     fc6:	ac 01       	movw	r20, r24
     fc8:	0a 2e       	mov	r0, r26
     fca:	06 94       	lsr	r0
     fcc:	57 95       	ror	r21
     fce:	47 95       	ror	r20
     fd0:	37 95       	ror	r19
     fd2:	27 95       	ror	r18
     fd4:	ba 95       	dec	r27
     fd6:	c9 f7       	brne	.-14     	; 0xfca <__ultoa_invert+0xa2>
     fd8:	62 0f       	add	r22, r18
     fda:	73 1f       	adc	r23, r19
     fdc:	84 1f       	adc	r24, r20
     fde:	95 1f       	adc	r25, r21
     fe0:	a0 1d       	adc	r26, r0
     fe2:	08 95       	ret

00000fe4 <__prologue_saves__>:
     fe4:	2f 92       	push	r2
     fe6:	3f 92       	push	r3
     fe8:	4f 92       	push	r4
     fea:	5f 92       	push	r5
     fec:	6f 92       	push	r6
     fee:	7f 92       	push	r7
     ff0:	8f 92       	push	r8
     ff2:	9f 92       	push	r9
     ff4:	af 92       	push	r10
     ff6:	bf 92       	push	r11
     ff8:	cf 92       	push	r12
     ffa:	df 92       	push	r13
     ffc:	ef 92       	push	r14
     ffe:	ff 92       	push	r15
    1000:	0f 93       	push	r16
    1002:	1f 93       	push	r17
    1004:	cf 93       	push	r28
    1006:	df 93       	push	r29
    1008:	cd b7       	in	r28, 0x3d	; 61
    100a:	de b7       	in	r29, 0x3e	; 62
    100c:	ca 1b       	sub	r28, r26
    100e:	db 0b       	sbc	r29, r27
    1010:	0f b6       	in	r0, 0x3f	; 63
    1012:	f8 94       	cli
    1014:	de bf       	out	0x3e, r29	; 62
    1016:	0f be       	out	0x3f, r0	; 63
    1018:	cd bf       	out	0x3d, r28	; 61
    101a:	09 94       	ijmp

0000101c <__epilogue_restores__>:
    101c:	2a 88       	ldd	r2, Y+18	; 0x12
    101e:	39 88       	ldd	r3, Y+17	; 0x11
    1020:	48 88       	ldd	r4, Y+16	; 0x10
    1022:	5f 84       	ldd	r5, Y+15	; 0x0f
    1024:	6e 84       	ldd	r6, Y+14	; 0x0e
    1026:	7d 84       	ldd	r7, Y+13	; 0x0d
    1028:	8c 84       	ldd	r8, Y+12	; 0x0c
    102a:	9b 84       	ldd	r9, Y+11	; 0x0b
    102c:	aa 84       	ldd	r10, Y+10	; 0x0a
    102e:	b9 84       	ldd	r11, Y+9	; 0x09
    1030:	c8 84       	ldd	r12, Y+8	; 0x08
    1032:	df 80       	ldd	r13, Y+7	; 0x07
    1034:	ee 80       	ldd	r14, Y+6	; 0x06
    1036:	fd 80       	ldd	r15, Y+5	; 0x05
    1038:	0c 81       	ldd	r16, Y+4	; 0x04
    103a:	1b 81       	ldd	r17, Y+3	; 0x03
    103c:	aa 81       	ldd	r26, Y+2	; 0x02
    103e:	b9 81       	ldd	r27, Y+1	; 0x01
    1040:	ce 0f       	add	r28, r30
    1042:	d1 1d       	adc	r29, r1
    1044:	0f b6       	in	r0, 0x3f	; 63
    1046:	f8 94       	cli
    1048:	de bf       	out	0x3e, r29	; 62
    104a:	0f be       	out	0x3f, r0	; 63
    104c:	cd bf       	out	0x3d, r28	; 61
    104e:	ed 01       	movw	r28, r26
    1050:	08 95       	ret

00001052 <_exit>:
    1052:	f8 94       	cli

00001054 <__stop_program>:
    1054:	ff cf       	rjmp	.-2      	; 0x1054 <__stop_program>
